{
"meta":{"test_sets":[],"test_metrics":[],"learn_metrics":[{"best_value":"Min","name":"RMSE"}],"launch_mode":"Train","parameters":"","iteration_count":1000,"learn_sets":["learn"],"name":"experiment"},
"iterations":[
{"learn":[348995.741],"iteration":0,"passed_time":0.005896151598,"remaining_time":5.890255447},
{"learn":[333708.9091],"iteration":1,"passed_time":0.01108128352,"remaining_time":5.529560478},
{"learn":[319684.6474],"iteration":2,"passed_time":0.01622420467,"remaining_time":5.39184402},
{"learn":[306681.4591],"iteration":3,"passed_time":0.02135243581,"remaining_time":5.316756516},
{"learn":[294201.5806],"iteration":4,"passed_time":0.02641944609,"remaining_time":5.257469773},
{"learn":[283144.9447],"iteration":5,"passed_time":0.03151982703,"remaining_time":5.221784678},
{"learn":[272826.3679],"iteration":6,"passed_time":0.03660903763,"remaining_time":5.19325348},
{"learn":[262815.1874],"iteration":7,"passed_time":0.04171371862,"remaining_time":5.172501109},
{"learn":[253647.0066],"iteration":8,"passed_time":0.04686985996,"remaining_time":5.160892357},
{"learn":[245133.8137],"iteration":9,"passed_time":0.0519262901,"remaining_time":5.140702719},
{"learn":[237568.5709],"iteration":10,"passed_time":0.05715790266,"remaining_time":5.139015067},
{"learn":[230683.8406],"iteration":11,"passed_time":0.0595605258,"remaining_time":4.903816624},
{"learn":[223932.2084],"iteration":12,"passed_time":0.0647367176,"remaining_time":4.91501079},
{"learn":[217936.364],"iteration":13,"passed_time":0.06980514791,"remaining_time":4.916276846},
{"learn":[212510.6483],"iteration":14,"passed_time":0.07507807124,"remaining_time":4.930126678},
{"learn":[207506.0077],"iteration":15,"passed_time":0.07944514163,"remaining_time":4.88587621},
{"learn":[202606.907],"iteration":16,"passed_time":0.08366679038,"remaining_time":4.837909114},
{"learn":[198564.3245],"iteration":17,"passed_time":0.0878504986,"remaining_time":4.792732757},
{"learn":[194585.8239],"iteration":18,"passed_time":0.09206363704,"remaining_time":4.753390944},
{"learn":[191003.4946],"iteration":19,"passed_time":0.09622908463,"remaining_time":4.715225147},
{"learn":[187472.438],"iteration":20,"passed_time":0.1004127227,"remaining_time":4.681145499},
{"learn":[184305.6892],"iteration":21,"passed_time":0.1046787717,"remaining_time":4.653447212},
{"learn":[181186.5428],"iteration":22,"passed_time":0.1090612324,"remaining_time":4.632731482},
{"learn":[178315.0203],"iteration":23,"passed_time":0.1132368504,"remaining_time":4.604965248},
{"learn":[175777.6166],"iteration":24,"passed_time":0.1174247085,"remaining_time":4.57956363},
{"learn":[173274.7789],"iteration":25,"passed_time":0.1216037064,"remaining_time":4.555461925},
{"learn":[171159.4076],"iteration":26,"passed_time":0.1257809742,"remaining_time":4.532773625},
{"learn":[169159.5278],"iteration":27,"passed_time":0.1300679736,"remaining_time":4.515216799},
{"learn":[167505.8446],"iteration":28,"passed_time":0.1342920922,"remaining_time":4.496469709},
{"learn":[165681.1716],"iteration":29,"passed_time":0.1385585114,"remaining_time":4.480058536},
{"learn":[164016.0352],"iteration":30,"passed_time":0.1427770797,"remaining_time":4.46293517},
{"learn":[162310.572],"iteration":31,"passed_time":0.1470264089,"remaining_time":4.447548869},
{"learn":[160838.4591],"iteration":32,"passed_time":0.1517082738,"remaining_time":4.445512145},
{"learn":[159184.1832],"iteration":33,"passed_time":0.1558655413,"remaining_time":4.428415085},
{"learn":[157824.462],"iteration":34,"passed_time":0.1599276576,"remaining_time":4.409433989},
{"learn":[156537.6436],"iteration":35,"passed_time":0.1641562763,"remaining_time":4.395740288},
{"learn":[155386.1924],"iteration":36,"passed_time":0.1682823535,"remaining_time":4.379889364},
{"learn":[154230.989],"iteration":37,"passed_time":0.1724001205,"remaining_time":4.364445155},
{"learn":[153168.5175],"iteration":38,"passed_time":0.1764485464,"remaining_time":4.347873157},
{"learn":[152045.8432],"iteration":39,"passed_time":0.180527723,"remaining_time":4.332665352},
{"learn":[151144.7635],"iteration":40,"passed_time":0.1846683005,"remaining_time":4.319436589},
{"learn":[150186.0029],"iteration":41,"passed_time":0.1888435984,"remaining_time":4.307432553},
{"learn":[149226.9264],"iteration":42,"passed_time":0.1929219349,"remaining_time":4.293634692},
{"learn":[148451.6437],"iteration":43,"passed_time":0.1969866611,"remaining_time":4.27998291},
{"learn":[147588.6783],"iteration":44,"passed_time":0.2011222185,"remaining_time":4.268260415},
{"learn":[146855.3366],"iteration":45,"passed_time":0.2052129352,"remaining_time":4.255937831},
{"learn":[146236.9955],"iteration":46,"passed_time":0.2092823117,"remaining_time":4.243532831},
{"learn":[145575.3606],"iteration":47,"passed_time":0.2134677196,"remaining_time":4.233776438},
{"learn":[144735.7173],"iteration":48,"passed_time":0.2175493562,"remaining_time":4.222233423},
{"learn":[144016.728],"iteration":49,"passed_time":0.2216528931,"remaining_time":4.211404969},
{"learn":[143296.7113],"iteration":50,"passed_time":0.2257073592,"remaining_time":4.199927134},
{"learn":[142668.5976],"iteration":51,"passed_time":0.2297408351,"remaining_time":4.188352148},
{"learn":[142048.9304],"iteration":52,"passed_time":0.2339587136,"remaining_time":4.180356638},
{"learn":[141567.6443],"iteration":53,"passed_time":0.2383254742,"remaining_time":4.175109233},
{"learn":[140958.7814],"iteration":54,"passed_time":0.2426650042,"remaining_time":4.169425981},
{"learn":[140384.3231],"iteration":55,"passed_time":0.2468087515,"remaining_time":4.160490382},
{"learn":[139733.3268],"iteration":56,"passed_time":0.251038,"remaining_time":4.153137438},
{"learn":[139010.8894],"iteration":57,"passed_time":0.2552319679,"remaining_time":4.145319203},
{"learn":[138449.1914],"iteration":58,"passed_time":0.2593058845,"remaining_time":4.135709106},
{"learn":[138044.9546],"iteration":59,"passed_time":0.2642815935,"remaining_time":4.140411631},
{"learn":[137579.4494],"iteration":60,"passed_time":0.2684066805,"remaining_time":4.131702836},
{"learn":[136999.6292],"iteration":61,"passed_time":0.2727388108,"remaining_time":4.126274266},
{"learn":[136505.7496],"iteration":62,"passed_time":0.276848858,"remaining_time":4.117577459},
{"learn":[136039.2936],"iteration":63,"passed_time":0.2812694091,"remaining_time":4.113565108},
{"learn":[135628.2322],"iteration":64,"passed_time":0.2854076065,"remaining_time":4.105478648},
{"learn":[135156.6695],"iteration":65,"passed_time":0.2896696758,"remaining_time":4.099264806},
{"learn":[134742.6624],"iteration":66,"passed_time":0.2939227948,"remaining_time":4.092984591},
{"learn":[134297.7054],"iteration":67,"passed_time":0.2982130641,"remaining_time":4.087273173},
{"learn":[133891.4596],"iteration":68,"passed_time":0.3022462001,"remaining_time":4.078133511},
{"learn":[133412.9316],"iteration":69,"passed_time":0.3063541771,"remaining_time":4.070134067},
{"learn":[133031.3381],"iteration":70,"passed_time":0.3104393235,"remaining_time":4.061945515},
{"learn":[132602.5709],"iteration":71,"passed_time":0.3145796308,"remaining_time":4.054581908},
{"learn":[132181.6895],"iteration":72,"passed_time":0.3185780863,"remaining_time":4.045505287},
{"learn":[131784.5789],"iteration":73,"passed_time":0.3226253424,"remaining_time":4.037176582},
{"learn":[131407.3063],"iteration":74,"passed_time":0.3267285495,"remaining_time":4.029652111},
{"learn":[131121.4201],"iteration":75,"passed_time":0.3308560569,"remaining_time":4.022513113},
{"learn":[130819.1671],"iteration":76,"passed_time":0.3349269032,"remaining_time":4.014773139},
{"learn":[130439.2062],"iteration":77,"passed_time":0.3389643592,"remaining_time":4.006732554},
{"learn":[130151.3803],"iteration":78,"passed_time":0.343057576,"remaining_time":3.999443386},
{"learn":[129879.2047],"iteration":79,"passed_time":0.3471142425,"remaining_time":3.991813788},
{"learn":[129569.5537],"iteration":80,"passed_time":0.3511090277,"remaining_time":3.983570327},
{"learn":[129182.6662],"iteration":81,"passed_time":0.3550569225,"remaining_time":3.974905546},
{"learn":[128907.9078],"iteration":82,"passed_time":0.3590677079,"remaining_time":3.967049255},
{"learn":[128503.3959],"iteration":83,"passed_time":0.3631627647,"remaining_time":3.960203482},
{"learn":[128245.4679],"iteration":84,"passed_time":0.3672266513,"remaining_time":3.953086893},
{"learn":[127978.2576],"iteration":85,"passed_time":0.3712539973,"remaining_time":3.945652948},
{"learn":[127692.6012],"iteration":86,"passed_time":0.3752875933,"remaining_time":3.938362904},
{"learn":[127443.9783],"iteration":87,"passed_time":0.3792683587,"remaining_time":3.930599354},
{"learn":[127181.1467],"iteration":88,"passed_time":0.3832851144,"remaining_time":3.923289205},
{"learn":[126933.0012],"iteration":89,"passed_time":0.3873465707,"remaining_time":3.916504215},
{"learn":[126648.0279],"iteration":90,"passed_time":0.3913849769,"remaining_time":3.909548836},
{"learn":[126375.6486],"iteration":91,"passed_time":0.3954327029,"remaining_time":3.90274885},
{"learn":[126150.9596],"iteration":92,"passed_time":0.3995152093,"remaining_time":3.896347257},
{"learn":[125795.7941],"iteration":93,"passed_time":0.403602206,"remaining_time":3.890038284},
{"learn":[125513.9216],"iteration":94,"passed_time":0.4076696824,"remaining_time":3.883590133},
{"learn":[125278.3159],"iteration":95,"passed_time":0.4117535391,"remaining_time":3.877345826},
{"learn":[125022.4636],"iteration":96,"passed_time":0.4157873249,"remaining_time":3.870679942},
{"learn":[124868.6148],"iteration":97,"passed_time":0.4198192808,"remaining_time":3.864050931},
{"learn":[124497.8241],"iteration":98,"passed_time":0.4239528781,"remaining_time":3.858399426},
{"learn":[124227.5318],"iteration":99,"passed_time":0.4280569351,"remaining_time":3.852512416},
{"learn":[123967.7111],"iteration":100,"passed_time":0.4321202514,"remaining_time":3.846298079},
{"learn":[123714.3946],"iteration":101,"passed_time":0.4361791375,"remaining_time":3.840086917},
{"learn":[123526.9561],"iteration":102,"passed_time":0.4388662046,"remaining_time":3.821970733},
{"learn":[123310.1028],"iteration":103,"passed_time":0.4430433927,"remaining_time":3.81698923},
{"learn":[123017.6534],"iteration":104,"passed_time":0.4471264494,"remaining_time":3.811220688},
{"learn":[122768.4606],"iteration":105,"passed_time":0.451206126,"remaining_time":3.80545544},
{"learn":[122544.2365],"iteration":106,"passed_time":0.4552982126,"remaining_time":3.799825269},
{"learn":[122340.6452],"iteration":107,"passed_time":0.459352599,"remaining_time":3.793912206},
{"learn":[122160.9155],"iteration":108,"passed_time":0.4634150855,"remaining_time":3.788099461},
{"learn":[121905.699],"iteration":109,"passed_time":0.4674598216,"remaining_time":3.78217492},
{"learn":[121693.0958],"iteration":110,"passed_time":0.4715330781,"remaining_time":3.776512671},
{"learn":[121432.4592],"iteration":111,"passed_time":0.4756697253,"remaining_time":3.771381394},
{"learn":[121231.75],"iteration":112,"passed_time":0.4797413418,"remaining_time":3.765757258},
{"learn":[120971.3334],"iteration":113,"passed_time":0.4838027079,"remaining_time":3.760080695},
{"learn":[120710.1769],"iteration":114,"passed_time":0.4879088347,"remaining_time":3.754776685},
{"learn":[120484.7377],"iteration":115,"passed_time":0.4919893815,"remaining_time":3.74929839},
{"learn":[120251.3296],"iteration":116,"passed_time":0.495993317,"remaining_time":3.743265803},
{"learn":[120065.3575],"iteration":117,"passed_time":0.5000230831,"remaining_time":3.737460672},
{"learn":[119890.5894],"iteration":118,"passed_time":0.5040960298,"remaining_time":3.732005061},
{"learn":[119679.9782],"iteration":119,"passed_time":0.5081798763,"remaining_time":3.726652426},
{"learn":[119436.6237],"iteration":120,"passed_time":0.5122393628,"remaining_time":3.721143801},
{"learn":[119247.2101],"iteration":121,"passed_time":0.5162487086,"remaining_time":3.715298083},
{"learn":[119015.5414],"iteration":122,"passed_time":0.5202688345,"remaining_time":3.709559088},
{"learn":[118849.9683],"iteration":123,"passed_time":0.5242540898,"remaining_time":3.703601473},
{"learn":[118673.6991],"iteration":124,"passed_time":0.528306746,"remaining_time":3.698147222},
{"learn":[118427.2051],"iteration":125,"passed_time":0.5323918725,"remaining_time":3.692940449},
{"learn":[118222.55],"iteration":126,"passed_time":0.5364511986,"remaining_time":3.687573987},
{"learn":[117981.8219],"iteration":127,"passed_time":0.5406820471,"remaining_time":3.683396446},
{"learn":[117760.5299],"iteration":128,"passed_time":0.5447609335,"remaining_time":3.678192039},
{"learn":[117563.874],"iteration":129,"passed_time":0.5489800618,"remaining_time":3.673943491},
{"learn":[117343.7712],"iteration":130,"passed_time":0.553088069,"remaining_time":3.668958259},
{"learn":[117186.3622],"iteration":131,"passed_time":0.5571740359,"remaining_time":3.663841388},
{"learn":[116976.9454],"iteration":132,"passed_time":0.5613271233,"remaining_time":3.659177563},
{"learn":[116786.7292],"iteration":133,"passed_time":0.56541526,"remaining_time":3.654101606},
{"learn":[116528.716],"iteration":134,"passed_time":0.5695319273,"remaining_time":3.64922309},
{"learn":[116299.7582],"iteration":135,"passed_time":0.573562273,"remaining_time":3.643807382},
{"learn":[116093.4737],"iteration":136,"passed_time":0.5775657984,"remaining_time":3.638242949},
{"learn":[115894.0134],"iteration":137,"passed_time":0.5816794652,"remaining_time":3.633389123},
{"learn":[115757.2022],"iteration":138,"passed_time":0.5857327717,"remaining_time":3.62817206},
{"learn":[115599.882],"iteration":139,"passed_time":0.5897786878,"remaining_time":3.622926225},
{"learn":[115440.1894],"iteration":140,"passed_time":0.593829564,"remaining_time":3.617727627},
{"learn":[115227.0292],"iteration":141,"passed_time":0.5979850918,"remaining_time":3.613177527},
{"learn":[115058.7535],"iteration":142,"passed_time":0.602109629,"remaining_time":3.608447217},
{"learn":[114934.594],"iteration":143,"passed_time":0.6061911456,"remaining_time":3.603469588},
{"learn":[114753.5463],"iteration":144,"passed_time":0.6102223615,"remaining_time":3.598207718},
{"learn":[114534.9855],"iteration":145,"passed_time":0.6142631176,"remaining_time":3.59301851},
{"learn":[114332.5547],"iteration":146,"passed_time":0.6182893734,"remaining_time":3.587760786},
{"learn":[114100.2231],"iteration":147,"passed_time":0.6223287295,"remaining_time":3.582595118},
{"learn":[113930.0682],"iteration":148,"passed_time":0.6263684055,"remaining_time":3.577446397},
{"learn":[113753.7671],"iteration":149,"passed_time":0.6303829714,"remaining_time":3.572170171},
{"learn":[113553.4996],"iteration":150,"passed_time":0.6344823283,"remaining_time":3.567387395},
{"learn":[113348.245],"iteration":151,"passed_time":0.6385943751,"remaining_time":3.562684408},
{"learn":[113156.0026],"iteration":152,"passed_time":0.642829784,"remaining_time":3.558672072},
{"learn":[112977.0944],"iteration":153,"passed_time":0.6469507314,"remaining_time":3.554028044},
{"learn":[112794.4921],"iteration":154,"passed_time":0.6510646085,"remaining_time":3.54935222},
{"learn":[112617.6885],"iteration":155,"passed_time":0.655214686,"remaining_time":3.544879455},
{"learn":[112415.699],"iteration":156,"passed_time":0.6593437531,"remaining_time":3.540297986},
{"learn":[112268.8473],"iteration":157,"passed_time":0.6634832003,"remaining_time":3.535777561},
{"learn":[112119.3801],"iteration":158,"passed_time":0.6675452767,"remaining_time":3.53085269},
{"learn":[111948.1863],"iteration":159,"passed_time":0.6716134131,"remaining_time":3.525970419},
{"learn":[111770.5719],"iteration":160,"passed_time":0.6756000782,"remaining_time":3.5206737},
{"learn":[111573.5195],"iteration":161,"passed_time":0.6796414245,"remaining_time":3.515676011},
{"learn":[111407.6393],"iteration":162,"passed_time":0.6837728618,"remaining_time":3.511152671},
{"learn":[111256.0921],"iteration":163,"passed_time":0.687913109,"remaining_time":3.506679019},
{"learn":[111110.8024],"iteration":164,"passed_time":0.6923397006,"remaining_time":3.503658485},
{"learn":[110928.0223],"iteration":165,"passed_time":0.6970627461,"remaining_time":3.502110423},
{"learn":[110757.1922],"iteration":166,"passed_time":0.7019333337,"remaining_time":3.501260281},
{"learn":[110573.4516],"iteration":167,"passed_time":0.7067766409,"remaining_time":3.500227174},
{"learn":[110434.2044],"iteration":168,"passed_time":0.7118198908,"remaining_time":3.500132126},
{"learn":[110233.8382],"iteration":169,"passed_time":0.7162607626,"remaining_time":3.497037841},
{"learn":[110045.8676],"iteration":170,"passed_time":0.7209684981,"remaining_time":3.495221549},
{"learn":[109882.4203],"iteration":171,"passed_time":0.7258543157,"remaining_time":3.494228915},
{"learn":[109731.8934],"iteration":172,"passed_time":0.7302255563,"remaining_time":3.490731417},
{"learn":[109566.5796],"iteration":173,"passed_time":0.7346598178,"remaining_time":3.487523043},
{"learn":[109414.8166],"iteration":174,"passed_time":0.7391937607,"remaining_time":3.484770586},
{"learn":[109245.9154],"iteration":175,"passed_time":0.7434173993,"remaining_time":3.480545097},
{"learn":[109109.1884],"iteration":176,"passed_time":0.7475020862,"remaining_time":3.475673542},
{"learn":[108931.3417],"iteration":177,"passed_time":0.7516082831,"remaining_time":3.470910161},
{"learn":[108764.5811],"iteration":178,"passed_time":0.7557103098,"remaining_time":3.466134997},
{"learn":[108583.808],"iteration":179,"passed_time":0.7599178082,"remaining_time":3.461847793},
{"learn":[108436.7258],"iteration":180,"passed_time":0.7639988448,"remaining_time":3.456989248},
{"learn":[108292.1869],"iteration":181,"passed_time":0.7681804726,"remaining_time":3.452591355},
{"learn":[108121.6382],"iteration":182,"passed_time":0.7723465504,"remaining_time":3.448126403},
{"learn":[107975.7743],"iteration":183,"passed_time":0.776422447,"remaining_time":3.443264765},
{"learn":[107839.1936],"iteration":184,"passed_time":0.7805326138,"remaining_time":3.438562596},
{"learn":[107697.4718],"iteration":185,"passed_time":0.7845964301,"remaining_time":3.433663947},
{"learn":[107544.7939],"iteration":186,"passed_time":0.7887881985,"remaining_time":3.42933051},
{"learn":[107396.3036],"iteration":187,"passed_time":0.7929676765,"remaining_time":3.424945496},
{"learn":[107263.1717],"iteration":188,"passed_time":0.7971536945,"remaining_time":3.420590721},
{"learn":[107065.0185],"iteration":189,"passed_time":0.8012655116,"remaining_time":3.415921391},
{"learn":[106926.9863],"iteration":190,"passed_time":0.8053307279,"remaining_time":3.411060518},
{"learn":[106790.8723],"iteration":191,"passed_time":0.8094353049,"remaining_time":3.406373575},
{"learn":[106627.5924],"iteration":192,"passed_time":0.8136920937,"remaining_time":3.402329117},
{"learn":[106514.0344],"iteration":193,"passed_time":0.8179025121,"remaining_time":3.398089819},
{"learn":[106335.4898],"iteration":194,"passed_time":0.8220431696,"remaining_time":3.393562828},
{"learn":[106177.882],"iteration":195,"passed_time":0.826125616,"remaining_time":3.388800996},
{"learn":[106040.3183],"iteration":196,"passed_time":0.830162852,"remaining_time":3.383861778},
{"learn":[105907.8971],"iteration":197,"passed_time":0.8342307986,"remaining_time":3.379056063},
{"learn":[105775.1896],"iteration":198,"passed_time":0.8383225754,"remaining_time":3.374353683},
{"learn":[105628.9783],"iteration":199,"passed_time":0.8424729032,"remaining_time":3.369891613},
{"learn":[105497.2177],"iteration":200,"passed_time":0.8465801201,"remaining_time":3.365261274},
{"learn":[105276.5095],"iteration":201,"passed_time":0.8506432565,"remaining_time":3.360461974},
{"learn":[105120.0833],"iteration":202,"passed_time":0.8546639123,"remaining_time":3.355503143},
{"learn":[104950.7672],"iteration":203,"passed_time":0.8586922881,"remaining_time":3.350583634},
{"learn":[104796.7028],"iteration":204,"passed_time":0.8628107053,"remaining_time":3.346022003},
{"learn":[104685.0677],"iteration":205,"passed_time":0.8668103808,"remaining_time":3.341007002},
{"learn":[104530.2805],"iteration":206,"passed_time":0.8709444581,"remaining_time":3.336516692},
{"learn":[104364.3113],"iteration":207,"passed_time":0.8749533137,"remaining_time":3.331553002},
{"learn":[104247.6195],"iteration":208,"passed_time":0.8789074784,"remaining_time":3.326391461},
{"learn":[104116.4753],"iteration":209,"passed_time":0.8829596248,"remaining_time":3.321610017},
{"learn":[103992.6337],"iteration":210,"passed_time":0.8869462401,"remaining_time":3.316590443},
{"learn":[103891.2041],"iteration":211,"passed_time":0.8909529156,"remaining_time":3.311655177},
{"learn":[103746.1281],"iteration":212,"passed_time":0.8949294508,"remaining_time":3.306617267},
{"learn":[103615.168],"iteration":213,"passed_time":0.8989827372,"remaining_time":3.301871175},
{"learn":[103475.8286],"iteration":214,"passed_time":0.9029025614,"remaining_time":3.296644236},
{"learn":[103329.1112],"iteration":215,"passed_time":0.9070196683,"remaining_time":3.292145463},
{"learn":[103218.618],"iteration":216,"passed_time":0.9109834935,"remaining_time":3.287097122},
{"learn":[103099.4955],"iteration":217,"passed_time":0.9150091093,"remaining_time":3.282280383},
{"learn":[102913.7415],"iteration":218,"passed_time":0.9191854371,"remaining_time":3.27800834},
{"learn":[102773.3461],"iteration":219,"passed_time":0.9231861624,"remaining_time":3.273114576},
{"learn":[102661.6374],"iteration":220,"passed_time":0.9271613077,"remaining_time":3.268138727},
{"learn":[102552.0136],"iteration":221,"passed_time":0.931134893,"remaining_time":3.263166427},
{"learn":[102444.4502],"iteration":222,"passed_time":0.9351308983,"remaining_time":3.258281202},
{"learn":[102332.6633],"iteration":223,"passed_time":0.9392672054,"remaining_time":3.253889962},
{"learn":[102183.7681],"iteration":224,"passed_time":0.9433208519,"remaining_time":3.249216268},
{"learn":[102029.5437],"iteration":225,"passed_time":0.9473345977,"remaining_time":3.24441141},
{"learn":[101919.7083],"iteration":226,"passed_time":0.9513347932,"remaining_time":3.23956738},
{"learn":[101731.4896],"iteration":227,"passed_time":0.9553479587,"remaining_time":3.234774667},
{"learn":[101551.3889],"iteration":228,"passed_time":0.9593930846,"remaining_time":3.230096368},
{"learn":[101468.9344],"iteration":229,"passed_time":0.9634251704,"remaining_time":3.225379918},
{"learn":[101324.7098],"iteration":230,"passed_time":0.9675057971,"remaining_time":3.220830987},
{"learn":[101156.3029],"iteration":231,"passed_time":0.9715702037,"remaining_time":3.216232399},
{"learn":[100986.0359],"iteration":232,"passed_time":0.9756497203,"remaining_time":3.211688135},
{"learn":[100868.4628],"iteration":233,"passed_time":0.9796466957,"remaining_time":3.206877645},
{"learn":[100773.0706],"iteration":234,"passed_time":0.9836346413,"remaining_time":3.202044683},
{"learn":[100660.8378],"iteration":235,"passed_time":0.9875936864,"remaining_time":3.197125324},
{"learn":[100543.0041],"iteration":236,"passed_time":0.9915841017,"remaining_time":3.192315062},
{"learn":[100384.6731],"iteration":237,"passed_time":0.9955901875,"remaining_time":3.187561861},
{"learn":[100242.5813],"iteration":238,"passed_time":0.9996258336,"remaining_time":3.182909035},
{"learn":[100129.0446],"iteration":239,"passed_time":1.003623869,"remaining_time":3.178142252},
{"learn":[99998.24674],"iteration":240,"passed_time":1.007564924,"remaining_time":3.173202395},
{"learn":[99870.02267],"iteration":241,"passed_time":1.011553369,"remaining_time":3.168419231},
{"learn":[99774.71816],"iteration":242,"passed_time":1.015638196,"remaining_time":3.163942858},
{"learn":[99684.48028],"iteration":243,"passed_time":1.019681112,"remaining_time":3.159339839},
{"learn":[99597.7896],"iteration":244,"passed_time":1.023684928,"remaining_time":3.1546209},
{"learn":[99464.39776],"iteration":245,"passed_time":1.027741484,"remaining_time":3.150069427},
{"learn":[99367.28795],"iteration":246,"passed_time":1.03176417,"remaining_time":3.145418703},
{"learn":[99250.64106],"iteration":247,"passed_time":1.035925678,"remaining_time":3.14119399},
{"learn":[99135.12927],"iteration":248,"passed_time":1.040262338,"remaining_time":3.137498055},
{"learn":[99036.75132],"iteration":249,"passed_time":1.044387355,"remaining_time":3.133162065},
{"learn":[98935.75377],"iteration":250,"passed_time":1.048435391,"remaining_time":3.128598039},
{"learn":[98777.9092],"iteration":251,"passed_time":1.052514748,"remaining_time":3.124131076},
{"learn":[98700.3422],"iteration":252,"passed_time":1.056767767,"remaining_time":3.120179928},
{"learn":[98562.97985],"iteration":253,"passed_time":1.061028666,"remaining_time":3.116249546},
{"learn":[98467.10995],"iteration":254,"passed_time":1.065083442,"remaining_time":3.11171437},
{"learn":[98388.67092],"iteration":255,"passed_time":1.069160368,"remaining_time":3.107247321},
{"learn":[98278.42819],"iteration":256,"passed_time":1.073196444,"remaining_time":3.102665207},
{"learn":[98157.7792],"iteration":257,"passed_time":1.077237691,"remaining_time":3.098102195},
{"learn":[98067.10837],"iteration":258,"passed_time":1.081229406,"remaining_time":3.093401505},
{"learn":[97983.82984],"iteration":259,"passed_time":1.085247102,"remaining_time":3.088780213},
{"learn":[97848.09721],"iteration":260,"passed_time":1.089244707,"remaining_time":3.084106662},
{"learn":[97758.73812],"iteration":261,"passed_time":1.093294464,"remaining_time":3.079585168},
{"learn":[97680.28299],"iteration":262,"passed_time":1.09736597,"remaining_time":3.075128213},
{"learn":[97568.98664],"iteration":263,"passed_time":1.10167958,"remaining_time":3.071349133},
{"learn":[97472.33194],"iteration":264,"passed_time":1.105784277,"remaining_time":3.06698658},
{"learn":[97351.72037],"iteration":265,"passed_time":1.109895544,"remaining_time":3.062644096},
{"learn":[97237.84518],"iteration":266,"passed_time":1.114061552,"remaining_time":3.058453625},
{"learn":[97159.3803],"iteration":267,"passed_time":1.118138039,"remaining_time":3.054018823},
{"learn":[97083.79357],"iteration":268,"passed_time":1.122221826,"remaining_time":3.049606523},
{"learn":[96968.11052],"iteration":269,"passed_time":1.126293482,"remaining_time":3.04516386},
{"learn":[96821.22539],"iteration":270,"passed_time":1.130341489,"remaining_time":3.040660315},
{"learn":[96716.04961],"iteration":271,"passed_time":1.134384905,"remaining_time":3.036147833},
{"learn":[96587.69322],"iteration":272,"passed_time":1.138745875,"remaining_time":3.032484437},
{"learn":[96496.71423],"iteration":273,"passed_time":1.142844282,"remaining_time":3.028120251},
{"learn":[96407.94156],"iteration":274,"passed_time":1.146909639,"remaining_time":3.023670865},
{"learn":[96326.29137],"iteration":275,"passed_time":1.150966155,"remaining_time":3.019201073},
{"learn":[96247.99922],"iteration":276,"passed_time":1.154983251,"remaining_time":3.014631372},
{"learn":[96166.27653],"iteration":277,"passed_time":1.159057387,"remaining_time":3.010213789},
{"learn":[96030.52078],"iteration":278,"passed_time":1.163125663,"remaining_time":3.005783525},
{"learn":[95892.59062],"iteration":279,"passed_time":1.16716873,"remaining_time":3.001291019},
{"learn":[95789.94591],"iteration":280,"passed_time":1.171189406,"remaining_time":2.996744422},
{"learn":[95713.22559],"iteration":281,"passed_time":1.175230002,"remaining_time":2.992252273},
{"learn":[95595.50716],"iteration":282,"passed_time":1.179286178,"remaining_time":2.98780279},
{"learn":[95462.47086],"iteration":283,"passed_time":1.183376395,"remaining_time":2.983441896},
{"learn":[95382.90281],"iteration":284,"passed_time":1.187321819,"remaining_time":2.978719652},
{"learn":[95307.62023],"iteration":285,"passed_time":1.191307575,"remaining_time":2.974103526},
{"learn":[95192.28514],"iteration":286,"passed_time":1.195337691,"remaining_time":2.969601998},
{"learn":[95127.11955],"iteration":287,"passed_time":1.199353656,"remaining_time":2.965068761},
{"learn":[95071.31931],"iteration":288,"passed_time":1.203423313,"remaining_time":2.960671195},
{"learn":[95006.0871],"iteration":289,"passed_time":1.2075221,"remaining_time":2.95634721},
{"learn":[94863.39016],"iteration":290,"passed_time":1.211556466,"remaining_time":2.951867815},
{"learn":[94767.3604],"iteration":291,"passed_time":1.215670023,"remaining_time":2.94758348},
{"learn":[94678.27503],"iteration":292,"passed_time":1.219698059,"remaining_time":2.943093951},
{"learn":[94557.08108],"iteration":293,"passed_time":1.223846776,"remaining_time":2.938897361},
{"learn":[94458.84624],"iteration":294,"passed_time":1.227903283,"remaining_time":2.934480727},
{"learn":[94385.85665],"iteration":295,"passed_time":1.231863278,"remaining_time":2.929836985},
{"learn":[94324.58618],"iteration":296,"passed_time":1.235908124,"remaining_time":2.925398691},
{"learn":[94258.47058],"iteration":297,"passed_time":1.240170243,"remaining_time":2.921474868},
{"learn":[94128.77225],"iteration":298,"passed_time":1.2442466,"remaining_time":2.917113265},
{"learn":[94060.90405],"iteration":299,"passed_time":1.248254275,"remaining_time":2.912593309},
{"learn":[93991.19909],"iteration":300,"passed_time":1.25219953,"remaining_time":2.907931799},
{"learn":[93877.03073],"iteration":301,"passed_time":1.256191676,"remaining_time":2.903383409},
{"learn":[93802.77116],"iteration":302,"passed_time":1.260190291,"remaining_time":2.898853574},
{"learn":[93719.26056],"iteration":303,"passed_time":1.264147296,"remaining_time":2.894231967},
{"learn":[93596.44382],"iteration":304,"passed_time":1.268162321,"remaining_time":2.889746929},
{"learn":[93527.8386],"iteration":305,"passed_time":1.272143667,"remaining_time":2.885188577},
{"learn":[93449.8693],"iteration":306,"passed_time":1.276215163,"remaining_time":2.880837485},
{"learn":[93388.97419],"iteration":307,"passed_time":1.280205228,"remaining_time":2.876305253},
{"learn":[93302.71411],"iteration":308,"passed_time":1.284220414,"remaining_time":2.871832705},
{"learn":[93219.0978],"iteration":309,"passed_time":1.288497133,"remaining_time":2.867945232},
{"learn":[93141.97846],"iteration":310,"passed_time":1.292935475,"remaining_time":2.864413318},
{"learn":[93015.20909],"iteration":311,"passed_time":1.297472427,"remaining_time":2.861093045},
{"learn":[92947.4388],"iteration":312,"passed_time":1.30201823,"remaining_time":2.857784423},
{"learn":[92827.77887],"iteration":313,"passed_time":1.306138577,"remaining_time":2.853538421},
{"learn":[92764.36451],"iteration":314,"passed_time":1.310200524,"remaining_time":2.849166219},
{"learn":[92693.95118],"iteration":315,"passed_time":1.314426583,"remaining_time":2.84515121},
{"learn":[92615.05886],"iteration":316,"passed_time":1.318602961,"remaining_time":2.84102783},
{"learn":[92515.33101],"iteration":317,"passed_time":1.322807159,"remaining_time":2.836963781},
{"learn":[92428.96914],"iteration":318,"passed_time":1.326929396,"remaining_time":2.832723883},
{"learn":[92340.49622],"iteration":319,"passed_time":1.331028863,"remaining_time":2.828436334},
{"learn":[92241.86562],"iteration":320,"passed_time":1.33514242,"remaining_time":2.824179761},
{"learn":[92191.05315],"iteration":321,"passed_time":1.33950159,"remaining_time":2.820441237},
{"learn":[92088.63982],"iteration":322,"passed_time":1.343620357,"remaining_time":2.81619499},
{"learn":[91995.77032],"iteration":323,"passed_time":1.347804665,"remaining_time":2.812086277},
{"learn":[91930.64406],"iteration":324,"passed_time":1.351928422,"remaining_time":2.807851339},
{"learn":[91871.99934],"iteration":325,"passed_time":1.356010459,"remaining_time":2.803530826},
{"learn":[91811.35114],"iteration":326,"passed_time":1.360265728,"remaining_time":2.799568303},
{"learn":[91748.63112],"iteration":327,"passed_time":1.364379825,"remaining_time":2.795314764},
{"learn":[91678.26775],"iteration":328,"passed_time":1.368492682,"remaining_time":2.791059544},
{"learn":[91620.8769],"iteration":329,"passed_time":1.37265768,"remaining_time":2.786911048},
{"learn":[91540.80737],"iteration":330,"passed_time":1.376832928,"remaining_time":2.782783168},
{"learn":[91418.51638],"iteration":331,"passed_time":1.381108917,"remaining_time":2.7788577},
{"learn":[91356.41149],"iteration":332,"passed_time":1.385176563,"remaining_time":2.774512816},
{"learn":[91299.54124],"iteration":333,"passed_time":1.38925708,"remaining_time":2.770195255},
{"learn":[91251.58851],"iteration":334,"passed_time":1.393383437,"remaining_time":2.765970106},
{"learn":[91158.997],"iteration":335,"passed_time":1.397472154,"remaining_time":2.761671161},
{"learn":[91032.98031],"iteration":336,"passed_time":1.401608581,"remaining_time":2.757467327},
{"learn":[90899.71718],"iteration":337,"passed_time":1.405695548,"remaining_time":2.75316702},
{"learn":[90834.03718],"iteration":338,"passed_time":1.409751164,"remaining_time":2.748806842},
{"learn":[90767.87391],"iteration":339,"passed_time":1.413860691,"remaining_time":2.744553106},
{"learn":[90664.41924],"iteration":340,"passed_time":1.417964998,"remaining_time":2.740290128},
{"learn":[90580.3649],"iteration":341,"passed_time":1.422101975,"remaining_time":2.736090935},
{"learn":[90526.60777],"iteration":342,"passed_time":1.426165382,"remaining_time":2.731751184},
{"learn":[90468.11293],"iteration":343,"passed_time":1.430314729,"remaining_time":2.727576926},
{"learn":[90393.63273],"iteration":344,"passed_time":1.434428106,"remaining_time":2.723334521},
{"learn":[90314.83362],"iteration":345,"passed_time":1.438764977,"remaining_time":2.719515303},
{"learn":[90232.68127],"iteration":346,"passed_time":1.442966825,"remaining_time":2.71543901},
{"learn":[90173.62236],"iteration":347,"passed_time":1.447104952,"remaining_time":2.711242612},
{"learn":[90119.688],"iteration":348,"passed_time":1.451296931,"remaining_time":2.707146997},
{"learn":[90019.80075],"iteration":349,"passed_time":1.455527439,"remaining_time":2.703122388},
{"learn":[89931.47969],"iteration":350,"passed_time":1.459610566,"remaining_time":2.698824096},
{"learn":[89870.05726],"iteration":351,"passed_time":1.463761894,"remaining_time":2.694652577},
{"learn":[89797.96537],"iteration":352,"passed_time":1.46785505,"remaining_time":2.690374554},
{"learn":[89717.68933],"iteration":353,"passed_time":1.472382903,"remaining_time":2.686890834},
{"learn":[89636.56072],"iteration":354,"passed_time":1.476585581,"remaining_time":2.682810423},
{"learn":[89582.9616],"iteration":355,"passed_time":1.480695309,"remaining_time":2.678561176},
{"learn":[89489.77202],"iteration":356,"passed_time":1.484795036,"remaining_time":2.6742947},
{"learn":[89428.8323],"iteration":357,"passed_time":1.488924003,"remaining_time":2.670081591},
{"learn":[89345.11125],"iteration":358,"passed_time":1.492973839,"remaining_time":2.665727662},
{"learn":[89265.3209],"iteration":359,"passed_time":1.497018585,"remaining_time":2.661366373},
{"learn":[89211.94662],"iteration":360,"passed_time":1.501077761,"remaining_time":2.65703238},
{"learn":[89164.94623],"iteration":361,"passed_time":1.505136628,"remaining_time":2.65269936},
{"learn":[89109.70745],"iteration":362,"passed_time":1.509192404,"remaining_time":2.648362428},
{"learn":[89050.87187],"iteration":363,"passed_time":1.51328141,"remaining_time":2.644085102},
{"learn":[88994.45139],"iteration":364,"passed_time":1.517327436,"remaining_time":2.639734033},
{"learn":[88955.95649],"iteration":365,"passed_time":1.521388102,"remaining_time":2.635409992},
{"learn":[88898.22873],"iteration":366,"passed_time":1.525418689,"remaining_time":2.631035504},
{"learn":[88847.84743],"iteration":367,"passed_time":1.529470525,"remaining_time":2.626699379},
{"learn":[88779.84692],"iteration":368,"passed_time":1.533490011,"remaining_time":2.622309476},
{"learn":[88730.29336],"iteration":369,"passed_time":1.537633688,"remaining_time":2.618133037},
{"learn":[88683.01329],"iteration":370,"passed_time":1.541813946,"remaining_time":2.614018793},
{"learn":[88552.74426],"iteration":371,"passed_time":1.545869702,"remaining_time":2.609694014},
{"learn":[88441.07706],"iteration":372,"passed_time":1.55000319,"remaining_time":2.60550134},
{"learn":[88366.11268],"iteration":373,"passed_time":1.554185798,"remaining_time":2.601391202},
{"learn":[88317.13467],"iteration":374,"passed_time":1.558285085,"remaining_time":2.597141808},
{"learn":[88260.14686],"iteration":375,"passed_time":1.562547824,"remaining_time":2.593164474},
{"learn":[88215.33524],"iteration":376,"passed_time":1.566652351,"remaining_time":2.588924177},
{"learn":[88161.50969],"iteration":377,"passed_time":1.570757588,"remaining_time":2.584685767},
{"learn":[88044.90004],"iteration":378,"passed_time":1.574802034,"remaining_time":2.580348451},
{"learn":[87992.22123],"iteration":379,"passed_time":1.57884885,"remaining_time":2.576016545},
{"learn":[87935.51587],"iteration":380,"passed_time":1.582882086,"remaining_time":2.571664072},
{"learn":[87868.21339],"iteration":381,"passed_time":1.586924332,"remaining_time":2.567327846},
{"learn":[87794.45335],"iteration":382,"passed_time":1.591217471,"remaining_time":2.563397337},
{"learn":[87718.41463],"iteration":383,"passed_time":1.59544808,"remaining_time":2.559364629},
{"learn":[87670.4687],"iteration":384,"passed_time":1.599428296,"remaining_time":2.554930914},
{"learn":[87612.01036],"iteration":385,"passed_time":1.603451291,"remaining_time":2.550567598},
{"learn":[87558.36027],"iteration":386,"passed_time":1.607589879,"remaining_time":2.546389136},
{"learn":[87407.84134],"iteration":387,"passed_time":1.611670936,"remaining_time":2.542120135},
{"learn":[87361.11285],"iteration":388,"passed_time":1.615700361,"remaining_time":2.537771004},
{"learn":[87318.34744],"iteration":389,"passed_time":1.619657656,"remaining_time":2.533310693},
{"learn":[87275.51488],"iteration":390,"passed_time":1.623622201,"remaining_time":2.528864247},
{"learn":[87230.39785],"iteration":391,"passed_time":1.627612776,"remaining_time":2.524460633},
{"learn":[87156.6606],"iteration":392,"passed_time":1.631573011,"remaining_time":2.520012259},
{"learn":[87100.24508],"iteration":393,"passed_time":1.635602757,"remaining_time":2.515673277},
{"learn":[87024.10306],"iteration":394,"passed_time":1.639875777,"remaining_time":2.511708468},
{"learn":[86960.45328],"iteration":395,"passed_time":1.643904462,"remaining_time":2.507369432},
{"learn":[86891.3725],"iteration":396,"passed_time":1.647920048,"remaining_time":2.503012063},
{"learn":[86819.28362],"iteration":397,"passed_time":1.651948454,"remaining_time":2.498675802},
{"learn":[86711.75718],"iteration":398,"passed_time":1.65601383,"remaining_time":2.494396772},
{"learn":[86604.9195],"iteration":399,"passed_time":1.660089387,"remaining_time":2.49013408},
{"learn":[86483.81106],"iteration":400,"passed_time":1.664131023,"remaining_time":2.485821653},
{"learn":[86406.53196],"iteration":401,"passed_time":1.668172929,"remaining_time":2.481510974},
{"learn":[86367.24341],"iteration":402,"passed_time":1.672248075,"remaining_time":2.477250871},
{"learn":[86275.61653],"iteration":403,"passed_time":1.676294101,"remaining_time":2.472948724},
{"learn":[86232.02268],"iteration":404,"passed_time":1.680309037,"remaining_time":2.468602166},
{"learn":[86150.62274],"iteration":405,"passed_time":1.684309233,"remaining_time":2.464235675},
{"learn":[86070.52989],"iteration":406,"passed_time":1.688317538,"remaining_time":2.459882801},
{"learn":[86007.25209],"iteration":407,"passed_time":1.692672989,"remaining_time":2.456035317},
{"learn":[85971.01157],"iteration":408,"passed_time":1.696818796,"remaining_time":2.451882417},
{"learn":[85908.43899],"iteration":409,"passed_time":1.700958974,"remaining_time":2.44772145},
{"learn":[85827.84744],"iteration":410,"passed_time":1.705159252,"remaining_time":2.443646714},
{"learn":[85787.1444],"iteration":411,"passed_time":1.709527723,"remaining_time":2.43981141},
{"learn":[85740.70704],"iteration":412,"passed_time":1.713777962,"remaining_time":2.435805481},
{"learn":[85683.57717],"iteration":413,"passed_time":1.71800715,"remaining_time":2.431768575},
{"learn":[85574.57351],"iteration":414,"passed_time":1.722196188,"remaining_time":2.427674145},
{"learn":[85447.42045],"iteration":415,"passed_time":1.726366766,"remaining_time":2.423553345},
{"learn":[85362.12765],"iteration":416,"passed_time":1.730558504,"remaining_time":2.41946189},
{"learn":[85303.89176],"iteration":417,"passed_time":1.734874384,"remaining_time":2.415542803},
{"learn":[85263.91527],"iteration":418,"passed_time":1.739193914,"remaining_time":2.411626884},
{"learn":[85206.54056],"iteration":419,"passed_time":1.743376642,"remaining_time":2.407520125},
{"learn":[85148.20389],"iteration":420,"passed_time":1.747604851,"remaining_time":2.403475555},
{"learn":[85111.5357],"iteration":421,"passed_time":1.751725998,"remaining_time":2.399283476},
{"learn":[85004.5052],"iteration":422,"passed_time":1.755903576,"remaining_time":2.395168708},
{"learn":[84954.98778],"iteration":423,"passed_time":1.760126665,"remaining_time":2.391115469},
{"learn":[84915.72163],"iteration":424,"passed_time":1.764246192,"remaining_time":2.386921319},
{"learn":[84796.51341],"iteration":425,"passed_time":1.76843561,"remaining_time":2.382821691},
{"learn":[84694.541],"iteration":426,"passed_time":1.772550147,"remaining_time":2.378621158},
{"learn":[84593.46084],"iteration":427,"passed_time":1.776644754,"remaining_time":2.374394391},
{"learn":[84507.72899],"iteration":428,"passed_time":1.780728191,"remaining_time":2.370153373},
{"learn":[84429.29374],"iteration":429,"passed_time":1.784757207,"remaining_time":2.365840948},
{"learn":[84341.73877],"iteration":430,"passed_time":1.788872084,"remaining_time":2.361643192},
{"learn":[84297.84312],"iteration":431,"passed_time":1.79293085,"remaining_time":2.357372044},
{"learn":[84249.88325],"iteration":432,"passed_time":1.797031197,"remaining_time":2.353156325},
{"learn":[84151.16393],"iteration":433,"passed_time":1.801154194,"remaining_time":2.348970677},
{"learn":[84072.80982],"iteration":434,"passed_time":1.805401923,"remaining_time":2.344947326},
{"learn":[84009.11108],"iteration":435,"passed_time":1.809594781,"remaining_time":2.340851965},
{"learn":[83941.16073],"iteration":436,"passed_time":1.813691828,"remaining_time":2.336632722},
{"learn":[83888.2397],"iteration":437,"passed_time":1.817946698,"remaining_time":2.332616539},
{"learn":[83854.76548],"iteration":438,"passed_time":1.822066015,"remaining_time":2.328426046},
{"learn":[83800.59065],"iteration":439,"passed_time":1.826193942,"remaining_time":2.324246836},
{"learn":[83755.9429],"iteration":440,"passed_time":1.83036104,"remaining_time":2.320117509},
{"learn":[83708.47353],"iteration":441,"passed_time":1.834526868,"remaining_time":2.315986408},
{"learn":[83664.05578],"iteration":442,"passed_time":1.838870778,"remaining_time":2.31207906},
{"learn":[83619.18081],"iteration":443,"passed_time":1.842959965,"remaining_time":2.307850767},
{"learn":[83556.03038],"iteration":444,"passed_time":1.847386956,"remaining_time":2.304044406},
{"learn":[83492.42566],"iteration":445,"passed_time":1.852500257,"remaining_time":2.301087763},
{"learn":[83432.30364],"iteration":446,"passed_time":1.856965019,"remaining_time":2.29731914},
{"learn":[83359.22179],"iteration":447,"passed_time":1.861967988,"remaining_time":2.294210557},
{"learn":[83282.30838],"iteration":448,"passed_time":1.866856426,"remaining_time":2.290952986},
{"learn":[83216.00722],"iteration":449,"passed_time":1.871337459,"remaining_time":2.287190227},
{"learn":[83175.67594],"iteration":450,"passed_time":1.876010034,"remaining_time":2.283657447},
{"learn":[83113.95351],"iteration":451,"passed_time":1.880559187,"remaining_time":2.279969987},
{"learn":[83068.825],"iteration":452,"passed_time":1.884863126,"remaining_time":2.275982627},
{"learn":[82958.11928],"iteration":453,"passed_time":1.889750814,"remaining_time":2.272695913},
{"learn":[82911.79693],"iteration":454,"passed_time":1.894205686,"remaining_time":2.268883733},
{"learn":[82846.44339],"iteration":455,"passed_time":1.898604187,"remaining_time":2.265001486},
{"learn":[82775.38463],"iteration":456,"passed_time":1.903061139,"remaining_time":2.26118643},
{"learn":[82723.35914],"iteration":457,"passed_time":1.907386239,"remaining_time":2.257212536},
{"learn":[82672.35759],"iteration":458,"passed_time":1.911900751,"remaining_time":2.253460362},
{"learn":[82631.39165],"iteration":459,"passed_time":1.916379263,"remaining_time":2.249662614},
{"learn":[82560.78352],"iteration":460,"passed_time":1.920742744,"remaining_time":2.245727416},
{"learn":[82521.25249],"iteration":461,"passed_time":1.925226086,"remaining_time":2.241929944},
{"learn":[82437.29266],"iteration":462,"passed_time":1.929644997,"remaining_time":2.238054781},
{"learn":[82400.73314],"iteration":463,"passed_time":1.934028558,"remaining_time":2.234136438},
{"learn":[82347.10976],"iteration":464,"passed_time":1.93852566,"remaining_time":2.230346728},
{"learn":[82301.0402],"iteration":465,"passed_time":1.943091444,"remaining_time":2.226632684},
{"learn":[82220.95501],"iteration":466,"passed_time":1.947692778,"remaining_time":2.222955569},
{"learn":[82154.06117],"iteration":467,"passed_time":1.952042058,"remaining_time":2.218987981},
{"learn":[82115.64955],"iteration":468,"passed_time":1.956336927,"remaining_time":2.214957161},
{"learn":[82072.86132],"iteration":469,"passed_time":1.961103374,"remaining_time":2.211456996},
{"learn":[82020.63354],"iteration":470,"passed_time":1.965758078,"remaining_time":2.207825952},
{"learn":[81921.20436],"iteration":471,"passed_time":1.970276711,"remaining_time":2.204038354},
{"learn":[81863.53456],"iteration":472,"passed_time":1.974799024,"remaining_time":2.200251766},
{"learn":[81806.35607],"iteration":473,"passed_time":1.979385517,"remaining_time":2.196533296},
{"learn":[81738.95223],"iteration":474,"passed_time":1.984065082,"remaining_time":2.192914038},
{"learn":[81694.69748],"iteration":475,"passed_time":1.988865469,"remaining_time":2.189423331},
{"learn":[81628.36846],"iteration":476,"passed_time":1.993536083,"remaining_time":2.185784846},
{"learn":[81599.45375],"iteration":477,"passed_time":1.997870564,"remaining_time":2.181774967},
{"learn":[81541.55267],"iteration":478,"passed_time":2.002579739,"remaining_time":2.178171282},
{"learn":[81504.1902],"iteration":479,"passed_time":2.007022771,"remaining_time":2.174274668},
{"learn":[81458.55995],"iteration":480,"passed_time":2.011917259,"remaining_time":2.170862905},
{"learn":[81397.46944],"iteration":481,"passed_time":2.01630676,"remaining_time":2.166902285},
{"learn":[81328.52479],"iteration":482,"passed_time":2.020762271,"remaining_time":2.163010547},
{"learn":[81279.72815],"iteration":483,"passed_time":2.025334455,"remaining_time":2.159240865},
{"learn":[81241.55073],"iteration":484,"passed_time":2.03002435,"remaining_time":2.155592866},
{"learn":[81212.79622],"iteration":485,"passed_time":2.034402601,"remaining_time":2.151610981},
{"learn":[81145.05603],"iteration":486,"passed_time":2.038765372,"remaining_time":2.147611161},
{"learn":[81109.27764],"iteration":487,"passed_time":2.043143462,"remaining_time":2.143625927},
{"learn":[81071.07807],"iteration":488,"passed_time":2.047623514,"remaining_time":2.139745635},
{"learn":[81035.55631],"iteration":489,"passed_time":2.051978415,"remaining_time":2.135732636},
{"learn":[81004.1504],"iteration":490,"passed_time":2.056368726,"remaining_time":2.131754952},
{"learn":[80949.30499],"iteration":491,"passed_time":2.061149502,"remaining_time":2.128178754},
{"learn":[80916.17796],"iteration":492,"passed_time":2.065995229,"remaining_time":2.124664465},
{"learn":[80860.01444],"iteration":493,"passed_time":2.07043302,"remaining_time":2.12072694},
{"learn":[80829.81301],"iteration":494,"passed_time":2.075038644,"remaining_time":2.116958617},
{"learn":[80778.46637],"iteration":495,"passed_time":2.079307503,"remaining_time":2.112844721},
{"learn":[80711.11012],"iteration":496,"passed_time":2.083639063,"remaining_time":2.10879366},
{"learn":[80643.37155],"iteration":497,"passed_time":2.087913543,"remaining_time":2.104683933},
{"learn":[80594.99934],"iteration":498,"passed_time":2.092248033,"remaining_time":2.100633797},
{"learn":[80534.90179],"iteration":499,"passed_time":2.096798516,"remaining_time":2.096798516},
{"learn":[80509.47788],"iteration":500,"passed_time":2.101145067,"remaining_time":2.092757262},
{"learn":[80471.44966],"iteration":501,"passed_time":2.105678499,"remaining_time":2.088900185},
{"learn":[80398.97137],"iteration":502,"passed_time":2.110154301,"remaining_time":2.084983475},
{"learn":[80338.14303],"iteration":503,"passed_time":2.114566813,"remaining_time":2.08100226},
{"learn":[80275.51937],"iteration":504,"passed_time":2.118997544,"remaining_time":2.077037196},
{"learn":[80219.09009],"iteration":505,"passed_time":2.123530707,"remaining_time":2.073170295},
{"learn":[80133.7294],"iteration":506,"passed_time":2.127956898,"remaining_time":2.069196747},
{"learn":[80093.2939],"iteration":507,"passed_time":2.132359599,"remaining_time":2.065198667},
{"learn":[80052.49333],"iteration":508,"passed_time":2.136961623,"remaining_time":2.061391271},
{"learn":[80007.9096],"iteration":509,"passed_time":2.141385504,"remaining_time":2.057409602},
{"learn":[79977.35619],"iteration":510,"passed_time":2.145741555,"remaining_time":2.053361292},
{"learn":[79907.99851],"iteration":511,"passed_time":2.150729604,"remaining_time":2.049914154},
{"learn":[79879.88425],"iteration":512,"passed_time":2.155182146,"remaining_time":2.045952641},
{"learn":[79822.07697],"iteration":513,"passed_time":2.159542686,"remaining_time":2.041902229},
{"learn":[79765.154],"iteration":514,"passed_time":2.164303362,"remaining_time":2.038227438},
{"learn":[79683.78455],"iteration":515,"passed_time":2.168768695,"remaining_time":2.034271411},
{"learn":[79620.28798],"iteration":516,"passed_time":2.173078194,"remaining_time":2.03016783},
{"learn":[79550.5489],"iteration":517,"passed_time":2.177413125,"remaining_time":2.026087116},
{"learn":[79513.32905],"iteration":518,"passed_time":2.181718964,"remaining_time":2.021978462},
{"learn":[79481.67275],"iteration":519,"passed_time":2.185983093,"remaining_time":2.017830548},
{"learn":[79438.33128],"iteration":520,"passed_time":2.190321743,"remaining_time":2.013750701},
{"learn":[79411.51257],"iteration":521,"passed_time":2.194723404,"remaining_time":2.009727562},
{"learn":[79368.22979],"iteration":522,"passed_time":2.199010664,"remaining_time":2.005598636},
{"learn":[79343.40928],"iteration":523,"passed_time":2.203468506,"remaining_time":2.001624062},
{"learn":[79303.79951],"iteration":524,"passed_time":2.207853647,"remaining_time":1.997581871},
{"learn":[79270.27096],"iteration":525,"passed_time":2.212202587,"remaining_time":1.993505753},
{"learn":[79216.50751],"iteration":526,"passed_time":2.216577337,"remaining_time":1.989451766},
{"learn":[79165.3395],"iteration":527,"passed_time":2.220934178,"remaining_time":1.985380553},
{"learn":[79136.58276],"iteration":528,"passed_time":2.225184447,"remaining_time":1.981213373},
{"learn":[79084.49742],"iteration":529,"passed_time":2.229531187,"remaining_time":1.97713143},
{"learn":[79059.06253],"iteration":530,"passed_time":2.23406141,"remaining_time":1.973210548},
{"learn":[79007.58651],"iteration":531,"passed_time":2.238512382,"remaining_time":1.969217659},
{"learn":[78963.18193],"iteration":532,"passed_time":2.243064995,"remaining_time":1.965312106},
{"learn":[78924.06266],"iteration":533,"passed_time":2.247619708,"remaining_time":1.961405962},
{"learn":[78888.48603],"iteration":534,"passed_time":2.252035069,"remaining_time":1.957376275},
{"learn":[78844.44302],"iteration":535,"passed_time":2.256382349,"remaining_time":1.953286213},
{"learn":[78769.05553],"iteration":536,"passed_time":2.260951942,"remaining_time":1.94938687},
{"learn":[78715.36996],"iteration":537,"passed_time":2.265285502,"remaining_time":1.945282346},
{"learn":[78662.46526],"iteration":538,"passed_time":2.269752394,"remaining_time":1.941291009},
{"learn":[78587.41713],"iteration":539,"passed_time":2.274381368,"remaining_time":1.93743598},
{"learn":[78528.57576],"iteration":540,"passed_time":2.278901351,"remaining_time":1.933485619},
{"learn":[78484.53992],"iteration":541,"passed_time":2.283369473,"remaining_time":1.929489333},
{"learn":[78452.24339],"iteration":542,"passed_time":2.289087192,"remaining_time":1.926542996},
{"learn":[78395.54513],"iteration":543,"passed_time":2.293522194,"remaining_time":1.922511251},
{"learn":[78327.294],"iteration":544,"passed_time":2.297779153,"remaining_time":1.918329384},
{"learn":[78283.57788],"iteration":545,"passed_time":2.302490228,"remaining_time":1.914524842},
{"learn":[78245.62771],"iteration":546,"passed_time":2.307111672,"remaining_time":1.910642756},
{"learn":[78171.50633],"iteration":547,"passed_time":2.311547124,"remaining_time":1.906604562},
{"learn":[78148.09924],"iteration":548,"passed_time":2.316136447,"remaining_time":1.902691326},
{"learn":[78120.13449],"iteration":549,"passed_time":2.320504968,"remaining_time":1.898594974},
{"learn":[78088.86375],"iteration":550,"passed_time":2.32496674,"remaining_time":1.894573623},
{"learn":[77988.38185],"iteration":551,"passed_time":2.329591724,"remaining_time":1.890683139},
{"learn":[77932.42361],"iteration":552,"passed_time":2.334150197,"remaining_time":1.886736235},
{"learn":[77907.50323],"iteration":553,"passed_time":2.338513038,"remaining_time":1.88262963},
{"learn":[77854.67849],"iteration":554,"passed_time":2.342896299,"remaining_time":1.878538474},
{"learn":[77799.01942],"iteration":555,"passed_time":2.3473028,"remaining_time":1.874464826},
{"learn":[77748.11813],"iteration":556,"passed_time":2.351807932,"remaining_time":1.870468427},
{"learn":[77686.05538],"iteration":557,"passed_time":2.356232294,"remaining_time":1.866406226},
{"learn":[77658.96159],"iteration":558,"passed_time":2.360579744,"remaining_time":1.862282052},
{"learn":[77623.9861],"iteration":559,"passed_time":2.364950385,"remaining_time":1.858175302},
{"learn":[77590.65577],"iteration":560,"passed_time":2.369228414,"remaining_time":1.85399514},
{"learn":[77567.18422],"iteration":561,"passed_time":2.373700006,"remaining_time":1.849965485},
{"learn":[77507.5539],"iteration":562,"passed_time":2.37835891,"remaining_time":1.846079651},
{"learn":[77474.12605],"iteration":563,"passed_time":2.38267939,"remaining_time":1.841929458},
{"learn":[77401.79526],"iteration":564,"passed_time":2.38701328,"remaining_time":1.837788986},
{"learn":[77363.54426],"iteration":565,"passed_time":2.391654575,"remaining_time":1.833883543},
{"learn":[77312.72309],"iteration":566,"passed_time":2.395969124,"remaining_time":1.82972598},
{"learn":[77240.10869],"iteration":567,"passed_time":2.400231923,"remaining_time":1.825528505},
{"learn":[77175.54809],"iteration":568,"passed_time":2.404490692,"remaining_time":1.821327748},
{"learn":[77139.16084],"iteration":569,"passed_time":2.408757681,"remaining_time":1.817132988},
{"learn":[77093.67638],"iteration":570,"passed_time":2.413119492,"remaining_time":1.813009215},
{"learn":[77063.39265],"iteration":571,"passed_time":2.417524883,"remaining_time":1.80891722},
{"learn":[77008.74906],"iteration":572,"passed_time":2.4223334,"remaining_time":1.80512454},
{"learn":[76986.26137],"iteration":573,"passed_time":2.42742635,"remaining_time":1.801539417},
{"learn":[76908.29681],"iteration":574,"passed_time":2.432134566,"remaining_time":1.797664679},
{"learn":[76858.64898],"iteration":575,"passed_time":2.436964203,"remaining_time":1.793876427},
{"learn":[76768.24964],"iteration":576,"passed_time":2.441937732,"remaining_time":1.790190053},
{"learn":[76700.16295],"iteration":577,"passed_time":2.446469135,"remaining_time":1.786176427},
{"learn":[76660.38472],"iteration":578,"passed_time":2.450651183,"remaining_time":1.781906992},
{"learn":[76603.3171],"iteration":579,"passed_time":2.454931722,"remaining_time":1.777709178},
{"learn":[76562.71217],"iteration":580,"passed_time":2.459346174,"remaining_time":1.773607654},
{"learn":[76532.03079],"iteration":581,"passed_time":2.463453441,"remaining_time":1.76928443},
{"learn":[76500.16779],"iteration":582,"passed_time":2.467518197,"remaining_time":1.764931541},
{"learn":[76436.59255],"iteration":583,"passed_time":2.471624564,"remaining_time":1.760609279},
{"learn":[76371.13691],"iteration":584,"passed_time":2.475739731,"remaining_time":1.756293997},
{"learn":[76346.25448],"iteration":585,"passed_time":2.479812128,"remaining_time":1.751949182},
{"learn":[76313.61483],"iteration":586,"passed_time":2.483893474,"remaining_time":1.747611592},
{"learn":[76270.38171],"iteration":587,"passed_time":2.487986591,"remaining_time":1.743283121},
{"learn":[76241.20561],"iteration":588,"passed_time":2.492127268,"remaining_time":1.738988637},
{"learn":[76214.82945],"iteration":589,"passed_time":2.496204095,"remaining_time":1.734650303},
{"learn":[76167.43424],"iteration":590,"passed_time":2.500287481,"remaining_time":1.730317394},
{"learn":[76126.48495],"iteration":591,"passed_time":2.504310867,"remaining_time":1.725943976},
{"learn":[76089.20784],"iteration":592,"passed_time":2.508346763,"remaining_time":1.721580325},
{"learn":[76016.46522],"iteration":593,"passed_time":2.512510931,"remaining_time":1.717305451},
{"learn":[75957.14778],"iteration":594,"passed_time":2.516588237,"remaining_time":1.712971825},
{"learn":[75892.36117],"iteration":595,"passed_time":2.520638774,"remaining_time":1.708620914},
{"learn":[75838.2907],"iteration":596,"passed_time":2.524660739,"remaining_time":1.704251722},
{"learn":[75804.32002],"iteration":597,"passed_time":2.528679695,"remaining_time":1.699881668},
{"learn":[75745.55349],"iteration":598,"passed_time":2.532755682,"remaining_time":1.695550965},
{"learn":[75709.36232],"iteration":599,"passed_time":2.537071332,"remaining_time":1.691380888},
{"learn":[75681.12722],"iteration":600,"passed_time":2.541167319,"remaining_time":1.687064493},
{"learn":[75640.03727],"iteration":601,"passed_time":2.545261785,"remaining_time":1.682747825},
{"learn":[75591.12873],"iteration":602,"passed_time":2.549444974,"remaining_time":1.678490306},
{"learn":[75559.36688],"iteration":603,"passed_time":2.55349411,"remaining_time":1.674145145},
{"learn":[75518.10182],"iteration":604,"passed_time":2.557622007,"remaining_time":1.669852385},
{"learn":[75465.89573],"iteration":605,"passed_time":2.561743894,"remaining_time":1.665556261},
{"learn":[75416.58208],"iteration":606,"passed_time":2.565737319,"remaining_time":1.66117754},
{"learn":[75384.90407],"iteration":607,"passed_time":2.569735745,"remaining_time":1.656803309},
{"learn":[75336.27788],"iteration":608,"passed_time":2.573788852,"remaining_time":1.65246542},
{"learn":[75255.98242],"iteration":609,"passed_time":2.577865708,"remaining_time":1.648143649},
{"learn":[75207.4715],"iteration":610,"passed_time":2.581927644,"remaining_time":1.643813181},
{"learn":[75170.24581],"iteration":611,"passed_time":2.58594799,"remaining_time":1.639457222},
{"learn":[75124.99093],"iteration":612,"passed_time":2.590045027,"remaining_time":1.635150776},
{"learn":[75089.32415],"iteration":613,"passed_time":2.594161854,"remaining_time":1.630857452},
{"learn":[75066.87644],"iteration":614,"passed_time":2.59820458,"remaining_time":1.626518314},
{"learn":[75021.89595],"iteration":615,"passed_time":2.603551014,"remaining_time":1.62299284},
{"learn":[74983.61452],"iteration":616,"passed_time":2.607709522,"remaining_time":1.618724063},
{"learn":[74943.0028],"iteration":617,"passed_time":2.611762888,"remaining_time":1.614390653},
{"learn":[74880.73517],"iteration":618,"passed_time":2.615965046,"remaining_time":1.61014973},
{"learn":[74858.40125],"iteration":619,"passed_time":2.620082564,"remaining_time":1.605857055},
{"learn":[74836.30431],"iteration":620,"passed_time":2.62417421,"remaining_time":1.601549156},
{"learn":[74808.09761],"iteration":621,"passed_time":2.628181886,"remaining_time":1.597190921},
{"learn":[74779.82237],"iteration":622,"passed_time":2.632213842,"remaining_time":1.592848505},
{"learn":[74754.75163],"iteration":623,"passed_time":2.636488481,"remaining_time":1.588653316},
{"learn":[74718.94733],"iteration":624,"passed_time":2.640516997,"remaining_time":1.584310198},
{"learn":[74692.78463],"iteration":625,"passed_time":2.644605024,"remaining_time":1.58000364},
{"learn":[74641.35825],"iteration":626,"passed_time":2.648622899,"remaining_time":1.575656047},
{"learn":[74590.50605],"iteration":627,"passed_time":2.652703546,"remaining_time":1.571346686},
{"learn":[74548.9595],"iteration":628,"passed_time":2.656731702,"remaining_time":1.567007093},
{"learn":[74509.65422],"iteration":629,"passed_time":2.660674386,"remaining_time":1.56261829},
{"learn":[74466.20809],"iteration":630,"passed_time":2.664657211,"remaining_time":1.558254376},
{"learn":[74432.78174],"iteration":631,"passed_time":2.668692187,"remaining_time":1.553922033},
{"learn":[74410.26858],"iteration":632,"passed_time":2.672665753,"remaining_time":1.549555026},
{"learn":[74368.0163],"iteration":633,"passed_time":2.676668918,"remaining_time":1.545206347},
{"learn":[74318.72529],"iteration":634,"passed_time":2.680672713,"remaining_time":1.540859119},
{"learn":[74298.72263],"iteration":635,"passed_time":2.684886912,"remaining_time":1.53663339},
{"learn":[74274.98898],"iteration":636,"passed_time":2.688948818,"remaining_time":1.532320912},
{"learn":[74234.66451],"iteration":637,"passed_time":2.693079505,"remaining_time":1.528048246},
{"learn":[74207.95993],"iteration":638,"passed_time":2.697124911,"remaining_time":1.523727845},
{"learn":[74168.88714],"iteration":639,"passed_time":2.701121006,"remaining_time":1.519380566},
{"learn":[74116.8159],"iteration":640,"passed_time":2.705093442,"remaining_time":1.515021132},
{"learn":[74091.33702],"iteration":641,"passed_time":2.709136568,"remaining_time":1.510702323},
{"learn":[74056.01023],"iteration":642,"passed_time":2.713248555,"remaining_time":1.506422604},
{"learn":[74031.04856],"iteration":643,"passed_time":2.717442213,"remaining_time":1.502188553},
{"learn":[73998.62415],"iteration":644,"passed_time":2.721703062,"remaining_time":1.497991608},
{"learn":[73940.99358],"iteration":645,"passed_time":2.72589972,"remaining_time":1.49375929},
{"learn":[73904.81241],"iteration":646,"passed_time":2.730154679,"remaining_time":1.48955889},
{"learn":[73843.19291],"iteration":647,"passed_time":2.734323177,"remaining_time":1.485311356},
{"learn":[73790.50494],"iteration":648,"passed_time":2.738381374,"remaining_time":1.48100441},
{"learn":[73766.91358],"iteration":649,"passed_time":2.742518861,"remaining_time":1.476740925},
{"learn":[73741.31896],"iteration":650,"passed_time":2.746583128,"remaining_time":1.472438574},
{"learn":[73720.24034],"iteration":651,"passed_time":2.750607594,"remaining_time":1.46811571},
{"learn":[73675.9816],"iteration":652,"passed_time":2.754693861,"remaining_time":1.4638266},
{"learn":[73588.94941],"iteration":653,"passed_time":2.758768827,"remaining_time":1.459532132},
{"learn":[73551.12989],"iteration":654,"passed_time":2.762829813,"remaining_time":1.45523097},
{"learn":[73508.63244],"iteration":655,"passed_time":2.76695064,"remaining_time":1.450961921},
{"learn":[73468.74918],"iteration":656,"passed_time":2.771041477,"remaining_time":1.446677666},
{"learn":[73424.9309],"iteration":657,"passed_time":2.775126333,"remaining_time":1.442390891},
{"learn":[73398.21617],"iteration":658,"passed_time":2.77918107,"remaining_time":1.438089142},
{"learn":[73335.79436],"iteration":659,"passed_time":2.783261036,"remaining_time":1.43380114},
{"learn":[73286.58842],"iteration":660,"passed_time":2.787340013,"remaining_time":1.429513259},
{"learn":[73236.70028],"iteration":661,"passed_time":2.791402069,"remaining_time":1.425217371},
{"learn":[73207.42635],"iteration":662,"passed_time":2.795577977,"remaining_time":1.420980058},
{"learn":[73165.72757],"iteration":663,"passed_time":2.799736745,"remaining_time":1.416734256},
{"learn":[73142.94244],"iteration":664,"passed_time":2.803781831,"remaining_time":1.412431448},
{"learn":[73113.38942],"iteration":665,"passed_time":2.807834307,"remaining_time":1.408133121},
{"learn":[73095.7063],"iteration":666,"passed_time":2.811875153,"remaining_time":1.403829724},
{"learn":[73066.22791],"iteration":667,"passed_time":2.815921029,"remaining_time":1.399529613},
{"learn":[73034.88165],"iteration":668,"passed_time":2.819952885,"remaining_time":1.395223326},
{"learn":[73005.51117],"iteration":669,"passed_time":2.823986081,"remaining_time":1.390918517},
{"learn":[72985.06965],"iteration":670,"passed_time":2.828053607,"remaining_time":1.386631351},
{"learn":[72934.1292],"iteration":671,"passed_time":2.832096593,"remaining_time":1.382332861},
{"learn":[72908.95789],"iteration":672,"passed_time":2.836159749,"remaining_time":1.37804493},
{"learn":[72875.81438],"iteration":673,"passed_time":2.840198065,"remaining_time":1.373745652},
{"learn":[72843.96633],"iteration":674,"passed_time":2.844318232,"remaining_time":1.369486556},
{"learn":[72800.09036],"iteration":675,"passed_time":2.848381949,"remaining_time":1.365200816},
{"learn":[72761.51449],"iteration":676,"passed_time":2.852427005,"remaining_time":1.360906828},
{"learn":[72729.99858],"iteration":677,"passed_time":2.856596193,"remaining_time":1.356672528},
{"learn":[72709.08883],"iteration":678,"passed_time":2.86071884,"remaining_time":1.352416418},
{"learn":[72667.07916],"iteration":679,"passed_time":2.864800706,"remaining_time":1.348141509},
{"learn":[72648.26155],"iteration":680,"passed_time":2.868836422,"remaining_time":1.343845549},
{"learn":[72631.13021],"iteration":681,"passed_time":2.872861268,"remaining_time":1.339545283},
{"learn":[72609.06195],"iteration":682,"passed_time":2.876914414,"remaining_time":1.33525896},
{"learn":[72593.73735],"iteration":683,"passed_time":2.881053392,"remaining_time":1.33101297},
{"learn":[72540.94019],"iteration":684,"passed_time":2.885050697,"remaining_time":1.326702146},
{"learn":[72522.55878],"iteration":685,"passed_time":2.889103684,"remaining_time":1.322417721},
{"learn":[72480.38028],"iteration":686,"passed_time":2.89314866,"remaining_time":1.318130321},
{"learn":[72451.28157],"iteration":687,"passed_time":2.897148955,"remaining_time":1.313823364},
{"learn":[72405.48198],"iteration":688,"passed_time":2.901295783,"remaining_time":1.309583438},
{"learn":[72351.00659],"iteration":689,"passed_time":2.9054332,"remaining_time":1.305339554},
{"learn":[72307.43843],"iteration":690,"passed_time":2.909517737,"remaining_time":1.301072331},
{"learn":[72264.51176],"iteration":691,"passed_time":2.913617064,"remaining_time":1.296812219},
{"learn":[72226.47143],"iteration":692,"passed_time":2.917744811,"remaining_time":1.292565162},
{"learn":[72187.71527],"iteration":693,"passed_time":2.921744336,"remaining_time":1.288261912},
{"learn":[72166.14211],"iteration":694,"passed_time":2.925858593,"remaining_time":1.284009886},
{"learn":[72130.06016],"iteration":695,"passed_time":2.92990884,"remaining_time":1.279730298},
{"learn":[72085.21592],"iteration":696,"passed_time":2.934210889,"remaining_time":1.275560831},
{"learn":[72059.99962],"iteration":697,"passed_time":2.938357437,"remaining_time":1.271323705},
{"learn":[72022.69424],"iteration":698,"passed_time":2.942387263,"remaining_time":1.267036575},
{"learn":[71993.68499],"iteration":699,"passed_time":2.946421019,"remaining_time":1.262751865},
{"learn":[71960.74158],"iteration":700,"passed_time":2.950486795,"remaining_time":1.258481529},
{"learn":[71898.2573],"iteration":701,"passed_time":2.954533721,"remaining_time":1.254203773},
{"learn":[71867.4641],"iteration":702,"passed_time":2.958642048,"remaining_time":1.249952615},
{"learn":[71836.33376],"iteration":703,"passed_time":2.962693064,"remaining_time":1.245677766},
{"learn":[71811.53042],"iteration":704,"passed_time":2.966747881,"remaining_time":1.241405141},
{"learn":[71791.6663],"iteration":705,"passed_time":2.970804997,"remaining_time":1.237134092},
{"learn":[71773.54874],"iteration":706,"passed_time":2.974800622,"remaining_time":1.232838164},
{"learn":[71746.03569],"iteration":707,"passed_time":2.978811468,"remaining_time":1.228549362},
{"learn":[71703.90356],"iteration":708,"passed_time":2.982810263,"remaining_time":1.224256399},
{"learn":[71662.18661],"iteration":709,"passed_time":2.986760778,"remaining_time":1.219944543},
{"learn":[71615.6218],"iteration":710,"passed_time":2.990724563,"remaining_time":1.215639098},
{"learn":[71562.48594],"iteration":711,"passed_time":2.994676448,"remaining_time":1.211329799},
{"learn":[71509.463],"iteration":712,"passed_time":2.998644723,"remaining_time":1.2070281},
{"learn":[71483.8388],"iteration":713,"passed_time":3.002599708,"remaining_time":1.202722012},
{"learn":[71441.90731],"iteration":714,"passed_time":3.006506432,"remaining_time":1.198397669},
{"learn":[71398.67907],"iteration":715,"passed_time":3.010465177,"remaining_time":1.194095126},
{"learn":[71381.08748],"iteration":716,"passed_time":3.014383251,"remaining_time":1.18977749},
{"learn":[71352.55381],"iteration":717,"passed_time":3.018352517,"remaining_time":1.185481072},
{"learn":[71334.626],"iteration":718,"passed_time":3.022345622,"remaining_time":1.181194881},
{"learn":[71271.94212],"iteration":719,"passed_time":3.026340757,"remaining_time":1.176910295},
{"learn":[71233.88736],"iteration":720,"passed_time":3.030410924,"remaining_time":1.172655545},
{"learn":[71209.27344],"iteration":721,"passed_time":3.034619752,"remaining_time":1.168454697},
{"learn":[71173.60078],"iteration":722,"passed_time":3.038707779,"remaining_time":1.164207545},
{"learn":[71158.04272],"iteration":723,"passed_time":3.042801356,"remaining_time":1.159962948},
{"learn":[71121.38944],"iteration":724,"passed_time":3.046813872,"remaining_time":1.15568802},
{"learn":[71082.1745],"iteration":725,"passed_time":3.050842038,"remaining_time":1.151419722},
{"learn":[71063.04505],"iteration":726,"passed_time":3.054852033,"remaining_time":1.147145261},
{"learn":[71024.36327],"iteration":727,"passed_time":3.05899222,"remaining_time":1.14292017},
{"learn":[71001.78732],"iteration":728,"passed_time":3.063064257,"remaining_time":1.138669978},
{"learn":[70976.37273],"iteration":729,"passed_time":3.067050632,"remaining_time":1.13438859},
{"learn":[70927.02307],"iteration":730,"passed_time":3.070997037,"remaining_time":1.130093301},
{"learn":[70897.79747],"iteration":731,"passed_time":3.075029823,"remaining_time":1.125830591},
{"learn":[70875.25332],"iteration":732,"passed_time":3.079010588,"remaining_time":1.121549559},
{"learn":[70808.8508],"iteration":733,"passed_time":3.082996243,"remaining_time":1.117271118},
{"learn":[70777.26032],"iteration":734,"passed_time":3.087004259,"remaining_time":1.113001535},
{"learn":[70757.66781],"iteration":735,"passed_time":3.091127116,"remaining_time":1.108773857},
{"learn":[70740.77395],"iteration":736,"passed_time":3.095141682,"remaining_time":1.104507819},
{"learn":[70704.23912],"iteration":737,"passed_time":3.099112507,"remaining_time":1.100226933},
{"learn":[70679.30024],"iteration":738,"passed_time":3.103043311,"remaining_time":1.095932753},
{"learn":[70642.83041],"iteration":739,"passed_time":3.106984846,"remaining_time":1.091643324},
{"learn":[70594.99904],"iteration":740,"passed_time":3.110889071,"remaining_time":1.087341794},
{"learn":[70557.33543],"iteration":741,"passed_time":3.114838395,"remaining_time":1.083057016},
{"learn":[70533.77218],"iteration":742,"passed_time":3.118831981,"remaining_time":1.078788451},
{"learn":[70508.49569],"iteration":743,"passed_time":3.123053929,"remaining_time":1.074599202},
{"learn":[70462.70415],"iteration":744,"passed_time":3.127111666,"remaining_time":1.070353657},
{"learn":[70439.45984],"iteration":745,"passed_time":3.131099861,"remaining_time":1.066084939},
{"learn":[70418.39132],"iteration":746,"passed_time":3.13533095,"remaining_time":1.061899237},
{"learn":[70403.95024],"iteration":747,"passed_time":3.139311745,"remaining_time":1.05762909},
{"learn":[70370.20623],"iteration":748,"passed_time":3.14329737,"remaining_time":1.053361335},
{"learn":[70320.93697],"iteration":749,"passed_time":3.147239795,"remaining_time":1.049079932},
{"learn":[70292.34466],"iteration":750,"passed_time":3.15117031,"remaining_time":1.044795482},
{"learn":[70251.74723],"iteration":751,"passed_time":3.155182145,"remaining_time":1.040538793},
{"learn":[70215.28992],"iteration":752,"passed_time":3.15915796,"remaining_time":1.036270938},
{"learn":[70178.48838],"iteration":753,"passed_time":3.163111205,"remaining_time":1.031996494},
{"learn":[70149.17257],"iteration":754,"passed_time":3.16705615,"remaining_time":1.027720208},
{"learn":[70097.57428],"iteration":755,"passed_time":3.171006445,"remaining_time":1.023446525},
{"learn":[70067.7126],"iteration":756,"passed_time":3.1749684,"remaining_time":1.019177439},
{"learn":[70039.28054],"iteration":757,"passed_time":3.178916735,"remaining_time":1.014904815},
{"learn":[70007.06608],"iteration":758,"passed_time":3.182861579,"remaining_time":1.010631938},
{"learn":[69980.55064],"iteration":759,"passed_time":3.186794554,"remaining_time":1.006356175},
{"learn":[69942.11764],"iteration":760,"passed_time":3.190762959,"remaining_time":1.002092441},
{"learn":[69910.35419],"iteration":761,"passed_time":3.194773615,"remaining_time":0.9978426776},
{"learn":[69864.54439],"iteration":762,"passed_time":3.19871254,"remaining_time":0.9935712607},
{"learn":[69813.51655],"iteration":763,"passed_time":3.202663954,"remaining_time":0.9893045723},
{"learn":[69772.30602],"iteration":764,"passed_time":3.20665695,"remaining_time":0.9850514813},
{"learn":[69730.51711],"iteration":765,"passed_time":3.210610405,"remaining_time":0.9807869905},
{"learn":[69678.15835],"iteration":766,"passed_time":3.21457933,"remaining_time":0.9765280103},
{"learn":[69646.84855],"iteration":767,"passed_time":3.218560835,"remaining_time":0.9722735856},
{"learn":[69609.89221],"iteration":768,"passed_time":3.222503679,"remaining_time":0.9680082574},
{"learn":[69584.42092],"iteration":769,"passed_time":3.226432114,"remaining_time":0.9637394626},
{"learn":[69554.96302],"iteration":770,"passed_time":3.230423769,"remaining_time":0.9594903284},
{"learn":[69533.65557],"iteration":771,"passed_time":3.234657488,"remaining_time":0.9553133514},
{"learn":[69514.22716],"iteration":772,"passed_time":3.238742875,"remaining_time":0.9510926683},
{"learn":[69484.25248],"iteration":773,"passed_time":3.24270075,"remaining_time":0.9468351027},
{"learn":[69433.12935],"iteration":774,"passed_time":3.246729266,"remaining_time":0.9425988191},
{"learn":[69395.12454],"iteration":775,"passed_time":3.250744251,"remaining_time":0.9383591653},
{"learn":[69360.82863],"iteration":776,"passed_time":3.254801177,"remaining_time":0.9341321268},
{"learn":[69337.57418],"iteration":777,"passed_time":3.258975625,"remaining_time":0.9299390601},
{"learn":[69306.23606],"iteration":778,"passed_time":3.26297402,"remaining_time":0.9256960957},
{"learn":[69292.09278],"iteration":779,"passed_time":3.266963016,"remaining_time":0.921451107},
{"learn":[69251.02173],"iteration":780,"passed_time":3.271160814,"remaining_time":0.9172653243},
{"learn":[69206.39042],"iteration":781,"passed_time":3.27522242,"remaining_time":0.9130415443},
{"learn":[69168.62548],"iteration":782,"passed_time":3.279260116,"remaining_time":0.908811552},
{"learn":[69142.11728],"iteration":783,"passed_time":3.283279042,"remaining_time":0.904576879},
{"learn":[69123.20617],"iteration":784,"passed_time":3.287309278,"remaining_time":0.9003458532},
{"learn":[69071.02195],"iteration":785,"passed_time":3.291301063,"remaining_time":0.8961048696},
{"learn":[69043.29456],"iteration":786,"passed_time":3.295631393,"remaining_time":0.8919561459},
{"learn":[69025.68134],"iteration":787,"passed_time":3.299620389,"remaining_time":0.88771513},
{"learn":[69008.93518],"iteration":788,"passed_time":3.303627684,"remaining_time":0.8834796469},
{"learn":[68974.17666],"iteration":789,"passed_time":3.307671181,"remaining_time":0.8792543644},
{"learn":[68910.23927],"iteration":790,"passed_time":3.311724977,"remaining_time":0.8750322631},
{"learn":[68893.30967],"iteration":791,"passed_time":3.315776583,"remaining_time":0.8708100117},
{"learn":[68866.33941],"iteration":792,"passed_time":3.319763678,"remaining_time":0.8665713511},
{"learn":[68825.85288],"iteration":793,"passed_time":3.323852215,"remaining_time":0.8623596427},
{"learn":[68813.11937],"iteration":794,"passed_time":3.32784274,"remaining_time":0.8581229708},
{"learn":[68779.55236],"iteration":795,"passed_time":3.331835466,"remaining_time":0.8538874812},
{"learn":[68738.13505],"iteration":796,"passed_time":3.335931943,"remaining_time":0.8496790268},
{"learn":[68710.31405],"iteration":797,"passed_time":3.340124741,"remaining_time":0.8454952352},
{"learn":[68667.82305],"iteration":798,"passed_time":3.344603753,"remaining_time":0.8413834223},
{"learn":[68652.9197],"iteration":799,"passed_time":3.348605269,"remaining_time":0.8371513172},
{"learn":[68641.42282],"iteration":800,"passed_time":3.352707626,"remaining_time":0.8329448408},
{"learn":[68582.25923],"iteration":801,"passed_time":3.356773732,"remaining_time":0.8287296745},
{"learn":[68557.20686],"iteration":802,"passed_time":3.360812978,"remaining_time":0.8245082898},
{"learn":[68518.6353],"iteration":803,"passed_time":3.364859095,"remaining_time":0.820289033},
{"learn":[68496.82297],"iteration":804,"passed_time":3.36887523,"remaining_time":0.816062944},
{"learn":[68471.76936],"iteration":805,"passed_time":3.372889596,"remaining_time":0.8118369499},
{"learn":[68440.69098],"iteration":806,"passed_time":3.376909122,"remaining_time":0.8076127144},
{"learn":[68412.77382],"iteration":807,"passed_time":3.380893087,"remaining_time":0.8033805355},
{"learn":[68371.28845],"iteration":808,"passed_time":3.384895832,"remaining_time":0.7991534042},
{"learn":[68350.67646],"iteration":809,"passed_time":3.388923848,"remaining_time":0.7949327545},
{"learn":[68315.54574],"iteration":810,"passed_time":3.393010465,"remaining_time":0.7907262366},
{"learn":[68272.95001],"iteration":811,"passed_time":3.397240524,"remaining_time":0.7865532247},
{"learn":[68235.23552],"iteration":812,"passed_time":3.401748366,"remaining_time":0.7824439662},
{"learn":[68199.92674],"iteration":813,"passed_time":3.406106417,"remaining_time":0.7782995007},
{"learn":[68151.43376],"iteration":814,"passed_time":3.410212564,"remaining_time":0.7740973304},
{"learn":[68126.09364],"iteration":815,"passed_time":3.414318611,"remaining_time":0.769895373},
{"learn":[68091.05082],"iteration":816,"passed_time":3.418356887,"remaining_time":0.7656784704},
{"learn":[68050.67287],"iteration":817,"passed_time":3.422407403,"remaining_time":0.7614647278},
{"learn":[68024.73866],"iteration":818,"passed_time":3.426389308,"remaining_time":0.7572362208},
{"learn":[67996.52781],"iteration":819,"passed_time":3.430373384,"remaining_time":0.7530087915},
{"learn":[67968.50707],"iteration":820,"passed_time":3.434503601,"remaining_time":0.748813818},
{"learn":[67944.43191],"iteration":821,"passed_time":3.438491026,"remaining_time":0.7445880812},
{"learn":[67910.14389],"iteration":822,"passed_time":3.442477682,"remaining_time":0.7403627578},
{"learn":[67885.89896],"iteration":823,"passed_time":3.446453217,"remaining_time":0.7361356386},
{"learn":[67853.17542],"iteration":824,"passed_time":3.450632385,"remaining_time":0.7319523241},
{"learn":[67813.84558],"iteration":825,"passed_time":3.454686901,"remaining_time":0.7277427613},
{"learn":[67772.76013],"iteration":826,"passed_time":3.458707767,"remaining_time":0.7235265341},
{"learn":[67748.84986],"iteration":827,"passed_time":3.462779774,"remaining_time":0.7193214022},
{"learn":[67730.04111],"iteration":828,"passed_time":3.466739038,"remaining_time":0.715093336},
{"learn":[67707.50998],"iteration":829,"passed_time":3.470692243,"remaining_time":0.7108646763},
{"learn":[67661.16497],"iteration":830,"passed_time":3.474713519,"remaining_time":0.7066505231},
{"learn":[67645.26756],"iteration":831,"passed_time":3.478740024,"remaining_time":0.7024378895},
{"learn":[67604.51201],"iteration":832,"passed_time":3.482700249,"remaining_time":0.6982124149},
{"learn":[67585.05059],"iteration":833,"passed_time":3.486657544,"remaining_time":0.6939869932},
{"learn":[67542.93906],"iteration":834,"passed_time":3.49066589,"remaining_time":0.6897723016},
{"learn":[67527.03256],"iteration":835,"passed_time":3.494637035,"remaining_time":0.6855508059},
{"learn":[67496.74424],"iteration":836,"passed_time":3.49860134,"remaining_time":0.6813285763},
{"learn":[67479.41122],"iteration":837,"passed_time":3.502569815,"remaining_time":0.6771077684},
{"learn":[67457.99304],"iteration":838,"passed_time":3.50653833,"remaining_time":0.6728875698},
{"learn":[67449.6394],"iteration":839,"passed_time":3.510490144,"remaining_time":0.6686647894},
{"learn":[67419.54108],"iteration":840,"passed_time":3.51447605,"remaining_time":0.6644490985},
{"learn":[67388.91521],"iteration":841,"passed_time":3.518478635,"remaining_time":0.6602370836},
{"learn":[67335.29869],"iteration":842,"passed_time":3.5224539,"remaining_time":0.6560204773},
{"learn":[67292.21437],"iteration":843,"passed_time":3.526440186,"remaining_time":0.6518064798},
{"learn":[67252.08758],"iteration":844,"passed_time":3.53039007,"remaining_time":0.6475863443},
{"learn":[67221.66163],"iteration":845,"passed_time":3.534441956,"remaining_time":0.6433854152},
{"learn":[67187.2296],"iteration":846,"passed_time":3.538411541,"remaining_time":0.6391699714},
{"learn":[67155.62291],"iteration":847,"passed_time":3.542423407,"remaining_time":0.6349626861},
{"learn":[67113.71271],"iteration":848,"passed_time":3.546512474,"remaining_time":0.6307695919},
{"learn":[67088.21498],"iteration":849,"passed_time":3.550876944,"remaining_time":0.6266253431},
{"learn":[67063.89957],"iteration":850,"passed_time":3.555097843,"remaining_time":0.622455439},
{"learn":[67025.19895],"iteration":851,"passed_time":3.559206,"remaining_time":0.618265831},
{"learn":[67008.69079],"iteration":852,"passed_time":3.563254596,"remaining_time":0.6140661496},
{"learn":[66986.96635],"iteration":853,"passed_time":3.567287732,"remaining_time":0.609864179},
{"learn":[66951.85084],"iteration":854,"passed_time":3.571354699,"remaining_time":0.6056683407},
{"learn":[66936.16954],"iteration":855,"passed_time":3.575606427,"remaining_time":0.601503885},
{"learn":[66878.60492],"iteration":856,"passed_time":3.579792536,"remaining_time":0.5973282761},
{"learn":[66861.48534],"iteration":857,"passed_time":3.583807391,"remaining_time":0.5931243002},
{"learn":[66819.53506],"iteration":858,"passed_time":3.587774656,"remaining_time":0.5889129529},
{"learn":[66807.48494],"iteration":859,"passed_time":3.591801482,"remaining_time":0.5847118691},
{"learn":[66779.07309],"iteration":860,"passed_time":3.595819707,"remaining_time":0.5805098018},
{"learn":[66756.48555],"iteration":861,"passed_time":3.599846633,"remaining_time":0.5763095538},
{"learn":[66718.6131],"iteration":862,"passed_time":3.603817758,"remaining_time":0.5721008492},
{"learn":[66668.11774],"iteration":863,"passed_time":3.608125468,"remaining_time":0.5679456755},
{"learn":[66636.30482],"iteration":864,"passed_time":3.612190364,"remaining_time":0.5637522534},
{"learn":[66595.66652],"iteration":865,"passed_time":3.616309572,"remaining_time":0.5595675319},
{"learn":[66571.37856],"iteration":866,"passed_time":3.620289617,"remaining_time":0.5553616136},
{"learn":[66539.74917],"iteration":867,"passed_time":3.624251211,"remaining_time":0.55115341},
{"learn":[66524.54549],"iteration":868,"passed_time":3.628212066,"remaining_time":0.5469456625},
{"learn":[66479.63272],"iteration":869,"passed_time":3.632549847,"remaining_time":0.5427948047},
{"learn":[66463.00161],"iteration":870,"passed_time":3.636708244,"remaining_time":0.5386169501},
{"learn":[66414.49418],"iteration":871,"passed_time":3.6407444,"remaining_time":0.5344211964},
{"learn":[66399.77139],"iteration":872,"passed_time":3.644809717,"remaining_time":0.5302300504},
{"learn":[66378.89543],"iteration":873,"passed_time":3.648961744,"remaining_time":0.5260516931},
{"learn":[66354.79244],"iteration":874,"passed_time":3.653052671,"remaining_time":0.5218646672},
{"learn":[66330.53854],"iteration":875,"passed_time":3.657226698,"remaining_time":0.517689624},
{"learn":[66309.90512],"iteration":876,"passed_time":3.661256474,"remaining_time":0.5134943516},
{"learn":[66295.0663],"iteration":877,"passed_time":3.665227189,"remaining_time":0.5092912495},
{"learn":[66266.04032],"iteration":878,"passed_time":3.669272625,"remaining_time":0.5050989621},
{"learn":[66249.65389],"iteration":879,"passed_time":3.673320531,"remaining_time":0.5009073452},
{"learn":[66230.2098],"iteration":880,"passed_time":3.67758328,"remaining_time":0.4967450742},
{"learn":[66187.71271],"iteration":881,"passed_time":3.681787279,"remaining_time":0.4925747153},
{"learn":[66149.35935],"iteration":882,"passed_time":3.685872906,"remaining_time":0.4883885956},
{"learn":[66103.57149],"iteration":883,"passed_time":3.689983123,"remaining_time":0.4842059301},
{"learn":[66080.53232],"iteration":884,"passed_time":3.694028428,"remaining_time":0.4800149935},
{"learn":[66065.13914],"iteration":885,"passed_time":3.698016174,"remaining_time":0.4758169794},
{"learn":[66035.09692],"iteration":886,"passed_time":3.702029219,"remaining_time":0.4716226627},
{"learn":[66005.11151],"iteration":887,"passed_time":3.706125096,"remaining_time":0.4674392013},
{"learn":[65981.71671],"iteration":888,"passed_time":3.710140062,"remaining_time":0.4632458345},
{"learn":[65967.48715],"iteration":889,"passed_time":3.714172798,"remaining_time":0.4590550649},
{"learn":[65939.74426],"iteration":890,"passed_time":3.718213984,"remaining_time":0.4548656838},
{"learn":[65920.55367],"iteration":891,"passed_time":3.722307721,"remaining_time":0.4506829976},
{"learn":[65906.03011],"iteration":892,"passed_time":3.726498639,"remaining_time":0.446512155},
{"learn":[65875.67912],"iteration":893,"passed_time":3.730715308,"remaining_time":0.4423443206},
{"learn":[65851.87648],"iteration":894,"passed_time":3.734973297,"remaining_time":0.4381812248},
{"learn":[65821.40079],"iteration":895,"passed_time":3.739154115,"remaining_time":0.4340089598},
{"learn":[65791.57266],"iteration":896,"passed_time":3.743330363,"remaining_time":0.4298361509},
{"learn":[65754.62057],"iteration":897,"passed_time":3.74744219,"remaining_time":0.4256560171},
{"learn":[65732.1784],"iteration":898,"passed_time":3.751505566,"remaining_time":0.421470592},
{"learn":[65705.41573],"iteration":899,"passed_time":3.755504971,"remaining_time":0.4172783302},
{"learn":[65663.08508],"iteration":900,"passed_time":3.759541927,"remaining_time":0.4130906224},
{"learn":[65626.11491],"iteration":901,"passed_time":3.763575054,"remaining_time":0.4089028329},
{"learn":[65566.76051],"iteration":902,"passed_time":3.76763877,"remaining_time":0.4047186718},
{"learn":[65549.92446],"iteration":903,"passed_time":3.771659046,"remaining_time":0.4005301641},
{"learn":[65501.58045],"iteration":904,"passed_time":3.775739822,"remaining_time":0.3963483791},
{"learn":[65482.22467],"iteration":905,"passed_time":3.779773958,"remaining_time":0.392161978},
{"learn":[65441.23635],"iteration":906,"passed_time":3.783840795,"remaining_time":0.3879792656},
{"learn":[65413.74671],"iteration":907,"passed_time":3.788057223,"remaining_time":0.3838119654},
{"learn":[65387.17203],"iteration":908,"passed_time":3.79212059,"remaining_time":0.379629234},
{"learn":[65368.86042],"iteration":909,"passed_time":3.796063495,"remaining_time":0.3754348511},
{"learn":[65350.1415],"iteration":910,"passed_time":3.8000672,"remaining_time":0.3712469603},
{"learn":[65319.67338],"iteration":911,"passed_time":3.804134287,"remaining_time":0.3670655891},
{"learn":[65284.19681],"iteration":912,"passed_time":3.808154443,"remaining_time":0.3628799962},
{"learn":[65265.7664],"iteration":913,"passed_time":3.812163358,"remaining_time":0.3586937077},
{"learn":[65247.94753],"iteration":914,"passed_time":3.816251815,"remaining_time":0.3545151959},
{"learn":[65229.40319],"iteration":915,"passed_time":3.820355612,"remaining_time":0.3503382876},
{"learn":[65193.12678],"iteration":916,"passed_time":3.82450328,"remaining_time":0.3461655095},
{"learn":[65174.77347],"iteration":917,"passed_time":3.828624877,"remaining_time":0.3419904574},
{"learn":[65130.55415],"iteration":918,"passed_time":3.832982497,"remaining_time":0.3378363246},
{"learn":[65109.58433],"iteration":919,"passed_time":3.837063504,"remaining_time":0.333657696},
{"learn":[65088.26777],"iteration":920,"passed_time":3.84111907,"remaining_time":0.3294770972},
{"learn":[65070.30995],"iteration":921,"passed_time":3.845164937,"remaining_time":0.3252959491},
{"learn":[65033.3946],"iteration":922,"passed_time":3.849233393,"remaining_time":0.3211169786},
{"learn":[65015.16731],"iteration":923,"passed_time":3.85333877,"remaining_time":0.3169412841},
{"learn":[64993.25795],"iteration":924,"passed_time":3.857452157,"remaining_time":0.3127663911},
{"learn":[64967.55518],"iteration":925,"passed_time":3.861499273,"remaining_time":0.308586335},
{"learn":[64938.85173],"iteration":926,"passed_time":3.86555393,"remaining_time":0.3044071595},
{"learn":[64917.66343],"iteration":927,"passed_time":3.869604026,"remaining_time":0.3002278986},
{"learn":[64874.79453],"iteration":928,"passed_time":3.873625952,"remaining_time":0.2960467627},
{"learn":[64864.35768],"iteration":929,"passed_time":3.877649817,"remaining_time":0.2918661153},
{"learn":[64815.05836],"iteration":930,"passed_time":3.881647273,"remaining_time":0.2876838473},
{"learn":[64783.14979],"iteration":931,"passed_time":3.885699009,"remaining_time":0.2835059363},
{"learn":[64747.24267],"iteration":932,"passed_time":3.889979818,"remaining_time":0.2793447458},
{"learn":[64715.90271],"iteration":933,"passed_time":3.894091455,"remaining_time":0.2751713448},
{"learn":[64697.70803],"iteration":934,"passed_time":3.898178182,"remaining_time":0.2709963442},
{"learn":[64660.61083],"iteration":935,"passed_time":3.902211748,"remaining_time":0.2668178973},
{"learn":[64639.03934],"iteration":936,"passed_time":3.906347145,"remaining_time":0.2626466064},
{"learn":[64608.97007],"iteration":937,"passed_time":3.910478392,"remaining_time":0.2584751176},
{"learn":[64597.99002],"iteration":938,"passed_time":3.914675791,"remaining_time":0.254308012},
{"learn":[64568.27558],"iteration":939,"passed_time":3.918829918,"remaining_time":0.2501380799},
{"learn":[64547.38777],"iteration":940,"passed_time":3.922960136,"remaining_time":0.2459666823},
{"learn":[64514.24127],"iteration":941,"passed_time":3.927144454,"remaining_time":0.2417987031},
{"learn":[64468.02062],"iteration":942,"passed_time":3.931253801,"remaining_time":0.2376261576},
{"learn":[64448.19002],"iteration":943,"passed_time":3.935458909,"remaining_time":0.2334594268},
{"learn":[64431.16847],"iteration":944,"passed_time":3.939468785,"remaining_time":0.229281252},
{"learn":[64413.022],"iteration":945,"passed_time":3.943467641,"remaining_time":0.225102804},
{"learn":[64377.35736],"iteration":946,"passed_time":3.947483826,"remaining_time":0.2209257052},
{"learn":[64342.13754],"iteration":947,"passed_time":3.951797536,"remaining_time":0.2167652657},
{"learn":[64322.21677],"iteration":948,"passed_time":3.955927253,"remaining_time":0.2125946153},
{"learn":[64289.25982],"iteration":949,"passed_time":3.960086501,"remaining_time":0.2084256053},
{"learn":[64262.13316],"iteration":950,"passed_time":3.964173808,"remaining_time":0.2042529091},
{"learn":[64247.35172],"iteration":951,"passed_time":3.968210584,"remaining_time":0.2000778446},
{"learn":[64233.37708],"iteration":952,"passed_time":3.97226214,"remaining_time":0.1959037991},
{"learn":[64220.66107],"iteration":953,"passed_time":3.976339826,"remaining_time":0.1917312705},
{"learn":[64191.18084],"iteration":954,"passed_time":3.980479774,"remaining_time":0.1875618741},
{"learn":[64153.27048],"iteration":955,"passed_time":3.98456005,"remaining_time":0.1833897931},
{"learn":[64130.1677],"iteration":956,"passed_time":3.988603016,"remaining_time":0.1792162275},
{"learn":[64105.69561],"iteration":957,"passed_time":3.992627592,"remaining_time":0.1750421282},
{"learn":[64096.73463],"iteration":958,"passed_time":3.996674378,"remaining_time":0.1708692904},
{"learn":[64071.106],"iteration":959,"passed_time":4.000781465,"remaining_time":0.1666992277},
{"learn":[64061.20709],"iteration":960,"passed_time":4.004863442,"remaining_time":0.162528277},
{"learn":[64023.33298],"iteration":961,"passed_time":4.008966059,"remaining_time":0.1583583266},
{"learn":[64005.65468],"iteration":962,"passed_time":4.013158177,"remaining_time":0.1541919549},
{"learn":[63982.56598],"iteration":963,"passed_time":4.017234523,"remaining_time":0.1500212063},
{"learn":[63973.53507],"iteration":964,"passed_time":4.021423172,"remaining_time":0.1458547264},
{"learn":[63942.48447],"iteration":965,"passed_time":4.025487538,"remaining_time":0.1416838264},
{"learn":[63926.18821],"iteration":966,"passed_time":4.029718247,"remaining_time":0.1375188233},
{"learn":[63895.57303],"iteration":967,"passed_time":4.033880735,"remaining_time":0.1333514292},
{"learn":[63879.71642],"iteration":968,"passed_time":4.037975832,"remaining_time":0.1291818893},
{"learn":[63866.65184],"iteration":969,"passed_time":4.041973737,"remaining_time":0.125009497},
{"learn":[63830.09707],"iteration":970,"passed_time":4.046040614,"remaining_time":0.120839524},
{"learn":[63812.35377],"iteration":971,"passed_time":4.05009679,"remaining_time":0.1166694549},
{"learn":[63796.70237],"iteration":972,"passed_time":4.054189997,"remaining_time":0.1125006474},
{"learn":[63775.39595],"iteration":973,"passed_time":4.058326554,"remaining_time":0.1083331524},
{"learn":[63755.59612],"iteration":974,"passed_time":4.062414921,"remaining_time":0.1041644851},
{"learn":[63737.26018],"iteration":975,"passed_time":4.066521918,"remaining_time":0.0999964406},
{"learn":[63717.84563],"iteration":976,"passed_time":4.070614584,"remaining_time":0.09582818366},
{"learn":[63689.16328],"iteration":977,"passed_time":4.07466152,"remaining_time":0.09165905261},
{"learn":[63656.12285],"iteration":978,"passed_time":4.078791928,"remaining_time":0.08749196167},
{"learn":[63632.26272],"iteration":979,"passed_time":4.083183718,"remaining_time":0.08333027996},
{"learn":[63608.91844],"iteration":980,"passed_time":4.087266045,"remaining_time":0.07916213542},
{"learn":[63589.26888],"iteration":981,"passed_time":4.091349561,"remaining_time":0.07499418748},
{"learn":[63568.57561],"iteration":982,"passed_time":4.095458048,"remaining_time":0.07082684316},
{"learn":[63547.59768],"iteration":983,"passed_time":4.099509405,"remaining_time":0.06665868951},
{"learn":[63524.70694],"iteration":984,"passed_time":4.103602521,"remaining_time":0.06249140896},
{"learn":[63498.11208],"iteration":985,"passed_time":4.107709769,"remaining_time":0.05832447947},
{"learn":[63476.75055],"iteration":986,"passed_time":4.112081839,"remaining_time":0.05416115897},
{"learn":[63454.919],"iteration":987,"passed_time":4.116214056,"remaining_time":0.04999450271},
{"learn":[63431.72311],"iteration":988,"passed_time":4.120341064,"remaining_time":0.04582785814},
{"learn":[63399.30512],"iteration":989,"passed_time":4.124298649,"remaining_time":0.04165958231},
{"learn":[63357.49098],"iteration":990,"passed_time":4.128357635,"remaining_time":0.03749265259},
{"learn":[63337.45057],"iteration":991,"passed_time":4.132508933,"remaining_time":0.03332668494},
{"learn":[63311.01942],"iteration":992,"passed_time":4.1366555,"remaining_time":0.0291607135},
{"learn":[63294.14166],"iteration":993,"passed_time":4.140708986,"remaining_time":0.02499421923},
{"learn":[63274.72921],"iteration":994,"passed_time":4.144708322,"remaining_time":0.02082768001},
{"learn":[63251.65408],"iteration":995,"passed_time":4.148775748,"remaining_time":0.01666174999},
{"learn":[63237.1338],"iteration":996,"passed_time":4.152841375,"remaining_time":0.01249601216},
{"learn":[63215.76764],"iteration":997,"passed_time":4.15682487,"remaining_time":0.008330310361},
{"learn":[63179.91127],"iteration":998,"passed_time":4.160867046,"remaining_time":0.004165032078},
{"learn":[63157.3035],"iteration":999,"passed_time":4.164927792,"remaining_time":0}
]}